nAromAtom,nAromBond,AATS1p,AATS3p,AATS0i,AATS1i,AATS2i,AATS3i,AATS4i,AATS5i,AATS6i,AATS7i,AATS8i,ATSC1se,MATS1se,MATS1pe,MATS1are,GATS1se,GATS1pe,GATS1are,GATS1i,nAromBond,nBondsM,nBondsKD,C2SP2,C3SP2,NaaCH,NaasC,SaaCH,ETA_beta_ns,AETA_beta_ns,ETA_dBeta,AETA_dBeta,IC1,SIC1,SIC2,BIC1,BIC2,CIC1,CIC2,ZMIC1,FilterItLogS,PEOE_VSA6,SMR_VSA7,SMR_VSA9,SlogP_VSA6,SlogP_VSA11,EState_VSA7,VSA_EState6,MDEC-12,MDEC-22,MDEC-23,AMID_h,AMID_C,n6Ring,nRing,n6aRing,SLogP,Normalized RT (min)
15,16,1.87,1.59,163,148,158,154,160,159,162,162,166,0.0627,0.0132,-0.0316,-0.0777,0.67,0.709,0.765,1.53,16,19,10,9,2,8,3,13.5,19,0.679,0.75,0.0268,3.82,0.677,0.816,0.641,0.773,1.83,1.04,44.5,-3.61,24.3,54.6,0,53.8,0,31.1,9.03,4.43,8.17,17.2,0.618,1.39,2,3,2,1.61,2.17
10,11,1.87,1.5,164,148,158,156,160,159,163,162,170,0.26,0.0909,-0.0312,-0.0953,0.613,0.767,0.828,1.42,11,13,7,8,2,6,2,11,13.5,0.643,0.75,0.0357,3.33,0.617,0.784,0.589,0.749,2.07,1.17,41.8,-4.09,24.3,36.4,0,41.3,0,43.3,11,3.23,9.63,12.3,0.544,1.45,2,2,2,1.53,2.63
20,22,1.97,1.64,161,145,156,153,157,158,162,161,168,0.753,0.146,0.0186,-0.0518,0.496,0.646,0.713,1.43,22,26,14,16,4,12,4,21.5,27,0.73,4,0.108,3.22,0.528,0.671,0.502,0.638,2.89,2.01,80.1,-7.61,48.5,72.8,0,82.6,0,74.4,21.5,7.16,17.8,23.4,0.527,1.5,4,4,4,3.77,20.49
16,17,1.98,1.67,159,143,151,150,154,157,160,155,162,0.275,0.0559,-0.0185,-0.0637,0.611,0.657,0.71,1.23,17,20,11,13,3,10,4,16.5,21.5,0.796,4.75,0.176,3.43,0.62,0.777,0.583,0.729,2.1,1.23,55,-4.57,36.4,66.2,5.75,65.6,5.75,31.1,16.5,3.45,12.7,20.6,0.489,1.53,3,3,3,3.3,16.91
26,28,2.07,1.79,159,143,153,150,155,156,159,157,162,0.425,0.0566,-0.0329,-0.081,0.651,0.715,0.776,1.27,28,32,17,21,5,15,7,25.5,34,0.739,5.25,0.114,3.82,0.605,0.746,0.574,0.708,2.5,1.6,84.9,-8.12,54.6,100,5.75,101,5.75,90.9,24,6.85,17.7,35.7,0.539,1.49,5,5,5,5.55,23.88
26,28,1.97,1.7,160,143,154,150,154,157,159,159,163,0.852,0.126,0.0333,-0.0298,0.557,0.642,0.708,1.36,28,32,17,21,5,15,7,26.2,34,0.773,6.25,0.142,3.39,0.538,0.698,0.511,0.662,2.91,1.9,87.7,-8.97,54.6,96.6,11.5,101,11.5,74.4,26.2,9.39,20.5,32.6,0.489,1.55,5,5,5,5.42,25.49
19,21,1.87,1.51,165,150,159,158,162,162,164,166,167,-1.97,-0.217,-0.232,-0.283,0.994,0.963,1.04,1.59,21,24,12,9,2,8,3,12.6,23.5,0.603,-4,-0.103,4.28,0.713,0.865,0.677,0.821,1.72,0.809,52.6,-1.93,24.3,49.1,0,53.9,0,31.1,10.3,2.95,7.12,20,0.848,1.19,3,4,3,0.575,1.75
19,21,1.83,1.5,165,149,158,158,162,162,165,164,167,-0.64,-0.0937,-0.105,-0.144,0.865,0.834,0.895,1.53,21,23,11,9,2,8,3,13,22,0.629,-2.5,-0.0714,4.06,0.69,0.854,0.654,0.809,1.82,0.856,51.8,-2.84,24.3,49.1,0,53.9,0,31.1,10.5,2.95,7.12,20,0.733,1.32,3,4,3,0.458,3.94
10,11,1.99,1.69,162,146,155,150,155,159,166,169,183,0.28,0.113,-0.0348,-0.105,0.522,0.682,0.752,1.3,11,13,7,8,2,6,2,10.6,13.5,0.794,3.25,0.191,3.2,0.645,0.746,0.605,0.699,1.76,1.26,39.4,-2.85,24.3,36.4,0,41.3,0,37.2,10.6,2.73,6.12,11.1,0.544,1.45,2,2,2,1.55,5.82
10,11,1.9,1.56,163,146,156,154,158,158,162,162,170,0.107,0.0257,-0.0483,-0.0934,0.63,0.694,0.746,1.41,11,14,8,8,2,6,2,10.5,15,0.682,1.5,0.0682,3.57,0.67,0.807,0.635,0.765,1.76,1.03,41.3,-3.41,24.3,36.4,0,41.3,0,31.1,10.5,3.09,8.1,13.4,0.596,1.39,2,2,2,1.66,7.24
10,11,1.84,1.6,165,149,160,155,162,161,166,163,167,-0.0624,-0.0137,-0.0664,-0.113,0.704,0.749,0.807,1.55,11,15,9,8,2,6,2,10.2,16.5,0.635,0.125,0.00481,3.72,0.677,0.778,0.643,0.739,1.77,1.22,44.5,-2.8,24.3,36.4,0,41.3,0,31.1,10.2,3.95,6.24,12.9,0.658,1.25,2,2,2,1.14,3.02
10,11,1.9,1.56,162,145,156,155,158,160,160,159,167,0.244,0.0553,-0.00606,-0.0513,0.594,0.657,0.702,1.46,11,14,8,8,2,6,2,10.7,15,0.6,-0.75,-0.03,3.42,0.616,0.791,0.586,0.753,2.14,1.16,45.2,-3.02,24.3,36.4,0,41.3,0,37.2,9.68,3.42,11.7,17.7,0.538,1.48,3,2,2,2.53,13.23
19,21,1.83,1.47,165,150,158,159,162,162,165,165,167,-0.533,-0.078,-0.0909,-0.131,0.81,0.792,0.852,1.53,21,24,11,9,2,7,3,11.7,22,0.629,-2.5,-0.0714,4.2,0.714,0.87,0.676,0.824,1.68,0.763,47.1,-3.7,24.3,53.1,0,52.4,0,31.1,10.4,2.83,6.81,20,0.733,1.32,3,4,3,0.78,8.49
10,11,1.91,1.75,162,145,160,147,160,155,162,164,179,0.468,0.181,0.0672,-0.00439,0.47,0.613,0.676,1.58,11,13,7,8,2,6,2,11.1,13.5,0.711,1.75,0.0921,2.88,0.554,0.655,0.525,0.621,2.33,1.8,44.8,-3.31,24.3,36.4,0,41.3,0,43.3,11.1,4.92,6.12,11.1,0.508,1.48,2,2,2,2.16,15.07
16,17,1.82,1.46,164,149,157,157,161,162,165,163,167,-0.596,-0.0832,-0.102,-0.137,0.826,0.809,0.862,1.49,17,20,10,9,2,8,3,12.7,20,0.606,-2.25,-0.0682,3.96,0.678,0.836,0.646,0.795,1.88,0.959,51.8,-2.26,24.3,59.1,0,58.4,0,31.1,11.5,3.01,7.77,18.9,0.703,1.32,3,3,3,-0.125,5.87
16,17,1.86,1.53,163,148,156,156,160,160,163,163,167,-0.343,-0.054,-0.0771,-0.116,0.779,0.77,0.827,1.46,17,21,11,10,2,8,3,12.8,21,0.656,-0.5,-0.0156,4.06,0.706,0.855,0.667,0.808,1.69,0.836,47.5,-3.07,30.8,71.5,0,70.7,0,31.1,11.6,3.63,7.56,16.9,0.669,1.36,3,3,3,1.03,7.38
16,17,1.86,1.51,165,149,158,157,160,161,163,161,165,-1.75,-0.186,-0.214,-0.266,0.945,0.931,1.01,1.53,17,21,11,9,2,8,3,12.1,21.5,0.581,-4,-0.108,4.24,0.712,0.854,0.679,0.814,1.71,0.87,51.5,-1.25,24.3,59.1,0,58.4,0,11,10.9,2.96,7.5,20,0.827,1.19,3,3,3,0.186,1.88
16,17,1.87,1.48,165,149,158,158,161,162,164,166,168,-1.91,-0.204,-0.226,-0.274,0.963,0.943,1.02,1.56,17,21,11,9,2,8,3,12.3,21.5,0.581,-3.75,-0.101,4.19,0.704,0.849,0.671,0.809,1.76,0.902,52.7,-1.35,24.3,59.1,0,58.4,0,25.1,11.2,3.01,7.77,18.9,0.827,1.19,3,3,3,-0.0082,2.87
20,22,1.98,1.66,161,145,154,153,157,158,160,160,165,0.198,0.0233,-0.0482,-0.0921,0.634,0.695,0.747,1.34,22,28,16,16,4,12,4,20,30,0.652,1.5,0.0326,3.67,0.577,0.718,0.551,0.686,2.69,1.79,83.1,-6.37,48.5,72.8,0,82.6,0,50.1,16.9,6.47,15.3,29.7,0.618,1.39,4,4,4,3.41,13.34
20,22,1.97,1.64,161,145,154,152,158,157,162,161,165,0.534,0.063,-0.0228,-0.0762,0.595,0.67,0.732,1.3,22,28,16,16,4,12,4,19.7,30,0.652,1,0.0217,3.62,0.569,0.711,0.544,0.679,2.74,1.84,83.4,-6.18,48.5,72.8,0,82.6,0,50.1,17.2,6.09,14.1,27.8,0.619,1.38,4,4,4,3.07,13.69
19,21,1.85,1.5,164,149,158,157,161,162,164,164,167,-0.331,-0.0544,-0.0679,-0.111,0.814,0.791,0.855,1.54,21,23,11,9,2,8,3,13.3,22,0.647,-1.75,-0.0515,4.06,0.693,0.867,0.656,0.821,1.8,0.776,48.7,-3.66,24.3,49.1,0,53.9,0,37.2,10.6,3.03,8.27,21.4,0.702,1.36,3,4,3,1.49,8.72
10,11,1.89,1.51,163,146,156,155,159,159,162,162,168,0.142,0.0334,-0.0403,-0.0848,0.625,0.695,0.743,1.42,11,14,8,8,2,6,2,10.7,15,0.652,1,0.0435,3.56,0.657,0.816,0.625,0.776,1.86,1,41.7,-3.81,24.3,36.4,0,41.3,0,37.2,10.7,3.23,9.63,13.8,0.571,1.42,2,2,2,2.05,7.79
10,11,1.96,1.61,161,144,156,153,157,157,159,160,171,0.415,0.119,0.0411,-0.0151,0.466,0.559,0.612,1.47,11,14,8,8,2,6,2,10.8,15,0.682,1,0.0455,3.32,0.624,0.798,0.588,0.752,2,1.08,42,-3.52,24.3,36.4,0,41.3,0,37.2,10.8,3.27,9.87,15,0.533,1.49,2,2,2,2.22,13.57
16,17,1.92,1.69,160,143,153,149,154,157,159,159,161,0.197,0.0343,-0.0151,-0.0581,0.668,0.682,0.736,1.29,17,20,11,13,3,9,5,14.8,22,0.759,3.75,0.129,3.58,0.635,0.792,0.599,0.747,2.06,1.18,53.4,-4.82,30.3,60.2,11.5,59.5,11.5,31.1,14.8,4.82,10.3,21.1,0.522,1.49,3,3,3,3.31,16.51
10,11,1.92,1.64,162,146,156,153,157,158,162,163,174,0.0677,0.0166,-0.058,-0.104,0.636,0.696,0.751,1.41,11,14,8,8,2,6,2,10.3,15,0.714,2,0.0952,3.56,0.683,0.798,0.645,0.752,1.65,1.05,40.9,-3.02,24.3,36.4,0,41.3,0,31.1,10.3,2.92,6.83,12.7,0.623,1.36,2,2,2,1.27,6.59
10,11,1.86,1.69,165,150,158,154,159,160,163,164,173,-0.183,-0.0409,-0.105,-0.15,0.727,0.779,0.838,1.44,11,15,9,8,2,6,2,9.88,16.5,0.66,0.875,0.035,3.89,0.722,0.819,0.683,0.775,1.5,0.977,41.1,-2.01,24.3,36.4,0,41.3,0,25.1,9.88,2.92,6.83,13.9,0.677,1.23,2,2,2,0.875,2.74
26,28,2.01,1.75,158,142,152,148,153,155,158,156,159,0.712,0.089,0.000437,-0.0552,0.575,0.635,0.7,1.29,28,33,18,21,5,15,7,23.7,35.5,0.807,7.5,0.17,3.42,0.551,0.686,0.519,0.647,2.79,1.95,90.3,-7.49,48.5,96.6,11.5,101,11.5,50.1,23.7,7.27,19,35.7,0.524,1.51,5,5,5,5.29,24.84
19,21,1.82,1.46,165,150,158,159,163,162,165,165,168,-0.856,-0.113,-0.125,-0.162,0.859,0.833,0.891,1.52,21,24,11,9,2,7,3,11.4,22,0.611,-3.25,-0.0903,4.2,0.711,0.857,0.674,0.813,1.71,0.842,50.2,-2.88,24.3,53.1,0,52.4,0,31.1,10.2,2.75,5.89,18.3,0.762,1.28,3,4,3,-0.249,2.22
10,11,1.87,1.53,163,147,155,155,159,160,162,161,166,-0.186,-0.0324,-0.0857,-0.119,0.7,0.729,0.773,1.38,11,15,9,8,2,6,2,9.96,16.5,0.635,0.5,0.0192,3.72,0.673,0.815,0.64,0.775,1.81,1.02,45.8,-2.8,24.3,36.4,0,41.3,0,25.1,8.43,3,7.56,16.1,0.637,1.34,2,2,2,1.5,5.05
10,11,1.93,1.55,161,145,155,155,158,158,160,159,166,0.195,0.0388,-0.00651,-0.0492,0.577,0.606,0.658,1.4,11,15,9,8,2,6,2,10.4,16.5,0.66,0.5,0.02,3.59,0.661,0.816,0.623,0.769,1.84,1,44.9,-3.88,24.3,36.4,0,41.3,0,31.1,9.34,3,7.56,16.1,0.612,1.41,3,2,2,1.42,9.46
10,11,1.9,1.58,163,146,157,154,157,158,162,163,174,0.177,0.0519,-0.0414,-0.0962,0.654,0.743,0.802,1.43,11,13,7,8,2,6,2,10.8,13.5,0.675,1.25,0.0625,3.4,0.648,0.794,0.615,0.755,1.85,1.08,40.5,-3.48,24.3,36.4,0,41.3,0,37.2,10.8,3.09,8.1,12.1,0.57,1.42,2,2,2,1.18,6
16,17,1.97,1.71,159,143,151,149,155,158,159,157,161,-0.0296,-0.00532,-0.0724,-0.111,0.704,0.728,0.782,1.2,17,20,11,13,3,9,5,13.4,22,0.815,5,0.185,3.47,0.636,0.775,0.596,0.725,1.98,1.23,55.4,-3.74,24.3,60.2,11.5,59.5,11.5,31.1,13.4,3.19,9.08,19.5,0.556,1.46,3,3,3,3.08,17.11
26,28,2.02,1.78,158,142,152,148,153,155,159,156,160,0.676,0.0855,-0.00353,-0.0595,0.578,0.635,0.703,1.28,28,33,18,21,5,15,7,23,35.5,0.826,8,0.186,3.34,0.542,0.674,0.51,0.634,2.81,2.01,92.3,-7.11,48.5,96.6,11.5,101,11.5,50.1,23,6.9,16.7,33.4,0.537,1.5,5,5,5,5.36,24.69
16,17,1.93,1.53,160,142,150,151,157,161,162,160,160,0.306,0.0551,-0.0137,-0.0554,0.676,0.739,0.777,1.18,17,19,10,12,4,9,5,16.6,20,0.541,-3.25,-0.0878,3.52,0.57,0.796,0.546,0.762,2.65,1.26,61.6,-5.92,37.3,65.7,5.75,59.5,5.75,55.4,16.6,5.7,17.3,36.2,0.361,1.71,5,3,3,4.86,20.36
15,16,1.9,1.71,164,149,159,153,158,160,161,162,170,-0.327,-0.0685,-0.107,-0.154,0.805,0.809,0.878,1.51,16,19,10,9,2,7,4,11.5,19,0.704,0.25,0.00926,3.99,0.73,0.846,0.683,0.792,1.47,0.841,43.1,-2.77,24.3,48.4,0,52.6,0,31.1,10.4,2.92,6.83,15.1,0.729,1.32,3,3,2,1.35,2.12
19,21,1.97,1.82,162,147,158,150,157,159,160,161,170,0.0257,0.00651,-0.04,-0.0946,0.688,0.703,0.779,1.51,21,23,11,9,2,8,3,12.8,22,0.846,4,0.154,3.7,0.691,0.831,0.641,0.771,1.65,0.903,46.6,-3.73,24.3,49.1,5.88,53.9,5.88,37.2,10.6,3.01,7.27,16.1,0.69,1.36,3,4,3,1.99,8.73
19,21,1.95,1.74,162,147,158,151,158,156,163,159,166,0.194,0.0491,-0.0139,-0.0784,0.646,0.678,0.763,1.47,21,23,11,9,2,8,3,13.2,22,0.846,3.75,0.144,3.7,0.691,0.831,0.641,0.771,1.65,0.903,46.6,-4.87,24.3,49.1,5.88,53.9,5.88,37.2,10.6,2.93,6.79,15.4,0.693,1.36,3,4,3,2.34,9.65
26,28,2,1.7,159,143,153,150,155,157,159,157,163,0.625,0.0834,-0.0082,-0.0626,0.572,0.65,0.71,1.3,28,33,18,21,5,16,6,26.3,35,0.778,6.75,0.15,3.51,0.558,0.719,0.528,0.68,2.78,1.77,89.8,-7.68,60.7,103,5.75,107,5.75,62.3,24.9,7.23,20.5,35.2,0.512,1.52,5,5,5,4.87,22.65
16,17,1.96,1.6,160,144,152,153,157,159,160,160,164,0.18,0.041,-0.0349,-0.0772,0.611,0.684,0.729,1.26,17,20,11,13,3,11,3,19.4,21,0.75,4,0.143,3.43,0.608,0.748,0.574,0.706,2.21,1.42,57.9,-4.76,54.6,72.3,0,71.6,0,37.2,18.1,3.41,14.2,20.6,0.472,1.54,3,3,3,2.88,12.74
10,11,1.9,1.61,163,146,156,154,158,159,161,161,171,0.107,0.0257,-0.0483,-0.0934,0.63,0.694,0.746,1.41,11,14,8,8,2,6,2,10.3,15,0.682,1.5,0.0682,3.57,0.67,0.794,0.635,0.753,1.76,1.09,41.3,-3.04,24.3,36.4,0,41.3,0,31.1,9.14,3.61,6.12,11.9,0.594,1.38,2,2,2,1.66,7.57
10,11,1.91,1.59,162,145,156,154,158,159,159,159,169,0.215,0.0495,-0.012,-0.0578,0.596,0.654,0.703,1.45,11,14,8,8,2,6,2,10.6,15,0.625,-0.25,-0.0104,3.48,0.637,0.804,0.605,0.763,1.98,1.07,43.3,-2.75,24.3,36.4,0,41.3,0,37.2,9.65,3.27,9.87,16.7,0.559,1.46,2,2,2,2.14,10.18
10,11,1.95,1.69,162,146,158,150,157,157,164,166,180,0.376,0.148,0.0187,-0.0525,0.495,0.646,0.712,1.45,11,13,7,8,2,6,2,11,13.5,0.75,2.5,0.139,3.08,0.605,0.699,0.571,0.66,2.01,1.53,41.8,-3.64,24.3,36.4,0,41.3,0,43.3,11,3.82,6.12,11.1,0.528,1.46,2,2,2,1.81,9.82
10,11,1.86,1.54,163,147,156,155,160,160,163,159,167,-0.115,-0.023,-0.0845,-0.122,0.72,0.761,0.809,1.4,11,14,8,8,2,6,2,10.1,15,0.625,0.25,0.0104,3.71,0.679,0.818,0.647,0.779,1.75,0.995,41.8,-2.49,24.3,36.4,0,41.3,0,25.1,8.44,3.44,6.12,12.5,0.619,1.35,2,2,2,1.02,5.79
10,11,1.87,1.57,164,148,156,155,159,161,163,161,168,-0.169,-0.033,-0.0971,-0.135,0.682,0.735,0.784,1.36,11,15,9,8,2,6,2,9.94,16.5,0.66,1,0.04,3.82,0.699,0.829,0.663,0.787,1.64,0.932,43,-2.62,24.3,36.4,0,41.3,0,29.8,8.31,2.88,6.51,14.6,0.663,1.31,2,2,2,0.513,3
10,11,1.94,1.57,162,147,155,155,158,158,161,160,169,0.139,0.0318,-0.0333,-0.0791,0.556,0.622,0.677,1.4,11,15,9,8,2,6,2,10.4,16.5,0.688,1,0.0417,3.61,0.674,0.813,0.634,0.764,1.75,1,44.2,-3.92,24.3,36.4,0,41.3,0,31.1,9.31,2.88,6.51,14.6,0.637,1.38,2,2,2,0.599,6.4
10,11,1.86,1.52,163,146,156,155,160,162,163,159,163,0.198,0.0453,-0.0279,-0.0713,0.619,0.7,0.741,1.43,11,14,8,8,2,6,2,10.5,15,0.6,0,0,3.51,0.626,0.795,0.6,0.762,2.1,1.15,43.4,-3.85,44.5,36.4,0,41.3,0,38.1,9.29,5.06,6.24,14.4,0.527,1.45,2,2,2,2.68,13.06
15,16,1.89,1.59,163,148,156,155,159,160,162,162,166,-0.0485,-0.0104,-0.0658,-0.111,0.69,0.735,0.792,1.43,16,19,10,9,2,8,3,13.2,19,0.704,1.5,0.0556,3.94,0.709,0.851,0.669,0.803,1.62,0.83,42.3,-4.06,24.3,54.6,0,53.8,0,31.1,9.02,3.06,8.17,17.2,0.637,1.37,2,3,2,1.6,18.09
20,22,1.94,1.58,162,145,155,154,158,159,162,161,166,0.523,0.076,-0.0167,-0.071,0.576,0.675,0.73,1.41,22,27,15,16,4,12,4,20.8,28.5,0.679,2.5,0.0595,3.48,0.553,0.71,0.528,0.677,2.81,1.82,80.9,-7.35,48.5,72.8,0,82.6,0,68.3,19.5,7.08,18.8,28,0.547,1.47,4,4,4,4.01,17.47
10,11,1.88,1.58,163,147,156,155,158,160,161,161,170,-0.163,-0.0333,-0.0953,-0.133,0.727,0.765,0.815,1.4,11,14,8,8,2,6,2,10,15,0.652,0.75,0.0326,3.71,0.692,0.822,0.657,0.781,1.65,0.952,41.4,-2.47,24.3,36.4,0,41.3,0,29.8,8.46,2.88,6.51,13.6,0.646,1.33,2,2,2,0.63,4.4
10,11,1.89,1.58,163,147,155,155,158,160,162,160,168,-0.236,-0.0421,-0.096,-0.129,0.709,0.734,0.781,1.38,11,15,9,8,2,6,2,9.8,16.5,0.66,1,0.04,3.72,0.685,0.807,0.649,0.765,1.71,1.05,45.5,-2.4,24.3,36.4,0,41.3,0,29.8,8.05,2.88,6.51,14.6,0.663,1.31,2,2,2,1.11,5.16
20,22,2.07,1.74,161,145,154,152,155,157,159,159,165,0.179,0.0213,-0.053,-0.0962,0.635,0.696,0.75,1.29,22,28,16,16,4,12,4,19.9,30,0.652,1.5,0.0326,3.68,0.583,0.702,0.556,0.669,2.64,1.88,85.5,-6.05,70.1,72.8,0,82.6,0,50.1,16.8,6.09,13,27.4,0.661,1.34,4,4,4,3.67,14.11
10,11,1.82,1.43,164,147,157,158,160,161,163,163,167,0.0548,0.0101,-0.0427,-0.0805,0.648,0.708,0.747,1.48,11,15,9,8,2,6,2,10.3,16.5,0.569,-1.25,-0.0431,3.65,0.628,0.818,0.604,0.786,2.16,1.06,47.1,-4.58,24.3,36.4,0,41.3,0,31.1,9.08,4.41,10.5,17.3,0.58,1.4,2,2,2,1.94,5.71
10,11,1.79,1.46,164,147,156,154,164,161,162,161,164,-0.046,-0.00674,-0.0534,-0.0893,0.708,0.736,0.779,1.45,11,15,9,8,2,6,2,10.2,16.5,0.532,-2.75,-0.0887,3.79,0.644,0.826,0.62,0.795,2.1,1.03,46.5,-3.7,38.1,36.4,0,41.3,0,31.1,10.2,5.98,7.66,14.8,0.599,1.37,2,2,2,1.59,8.37
20,22,1.95,1.61,162,145,155,153,158,159,162,161,166,0.494,0.0724,-0.0205,-0.0752,0.577,0.673,0.731,1.41,22,27,15,16,4,12,4,20.6,28.5,0.695,3,0.0732,3.5,0.562,0.711,0.535,0.678,2.73,1.8,79.7,-6.96,48.5,72.8,0,82.6,0,62.3,19.2,6.91,16.9,27.5,0.56,1.45,4,4,4,3.62,16.58
10,11,1.96,1.6,164,147,159,155,158,161,163,163,170,-1.06,-0.183,-0.248,-0.317,0.923,0.959,1.05,1.55,11,14,8,8,2,6,2,10.3,15,0.625,-0.25,-0.0104,3.7,0.682,0.807,0.649,0.768,1.73,1.05,44.3,-2.61,24.3,36.4,0,41.3,0,31.1,10.3,3.09,8.1,12.1,0.784,1.19,2,2,2,1.29,2.02
16,17,2.02,1.7,158,141,151,149,154,156,159,156,162,0.529,0.162,0.0475,-0.0196,0.498,0.599,0.666,1.25,17,19,10,14,2,11,3,19.3,20,0.87,5.75,0.25,2.88,0.541,0.675,0.505,0.63,2.44,1.73,57.1,-4.68,42.5,66.7,5.75,71.6,5.75,37.2,19.3,3.48,13.4,16.1,0.426,1.61,3,3,3,3.67,23.16
16,17,1.88,1.55,164,149,158,158,161,160,166,164,170,-0.296,-0.0502,-0.0853,-0.125,0.715,0.737,0.793,1.46,17,22,12,11,2,6,5,10.3,23,0.697,0.75,0.0227,4.17,0.721,0.856,0.68,0.807,1.61,0.832,45.8,-5.23,24.3,46.8,0,51.1,0,31.1,10.3,3.17,5.83,15.3,0.707,1.32,4,3,3,1.24,10.14
16,17,1.9,1.69,161,145,155,150,155,159,162,160,161,0.0868,0.0167,-0.0477,-0.0924,0.728,0.758,0.814,1.33,17,19,10,10,4,7,6,11.8,20,0.714,2.25,0.0804,3.7,0.655,0.802,0.621,0.761,1.95,1.12,46.1,-4.9,24.3,59.4,5.75,47.5,5.75,31.1,10.4,4.55,8.04,19.4,0.547,1.47,3,3,3,2.36,10.12
16,17,1.95,1.73,160,143,155,149,156,156,161,157,160,0.445,0.1,0.041,-0.016,0.603,0.635,0.7,1.35,17,19,10,10,4,7,6,12.5,20,0.741,2.25,0.0833,3.57,0.643,0.802,0.604,0.754,1.98,1.1,45.3,-5.55,24.3,59.4,5.75,47.5,5.75,37.2,10.8,4.55,8.13,19.4,0.514,1.54,3,3,3,3.41,18.01
10,11,2.01,1.56,163,145,156,155,159,158,162,161,169,0.551,0.112,-0.0404,-0.114,0.52,0.652,0.734,1.48,11,15,9,8,2,6,2,10.2,16.5,0.717,2.25,0.0978,3.5,0.653,0.804,0.617,0.76,1.86,1.05,48,-3.37,24.3,36.4,0,41.3,0,31.1,10.2,3.09,8.1,12.1,0.733,1.24,2,2,2,1.07,2.24
29,32,2.01,1.71,159,144,153,150,155,157,160,158,162,0.806,0.131,0.0185,-0.0477,0.536,0.65,0.72,1.3,32,36,18,21,6,16,6,28.4,35.5,0.789,6.75,0.15,3.46,0.548,0.726,0.518,0.686,2.85,1.73,89.3,-9.56,48.5,103,5.75,107,5.75,80.5,26.6,7.51,22.3,37.3,0.482,1.57,5,6,5,5.89,24.65
16,17,1.95,1.72,161,146,156,150,160,156,162,159,168,0.213,0.0485,-0.00614,-0.0539,0.541,0.597,0.654,1.47,17,21,10,8,3,7,3,11.3,19.5,0.78,3.25,0.13,3.69,0.683,0.816,0.64,0.764,1.71,0.995,43.7,-4.15,24.3,69,0,57.1,0,36.1,10.2,4.03,6.83,14.7,0.62,1.39,3,3,3,1.3,13.21
22,23,2.31,2.05,156,142,149,149,154,154,154,154,158,-0.122,-0.02,-0.0735,-0.0923,0.737,0.75,0.792,1.03,23,26,14,19,3,11,9,18.8,29.5,0.756,5.75,0.147,3.88,0.651,0.804,0.615,0.76,2.08,1.17,96.2,-8.63,24.3,83,17.2,71.6,17.2,53.7,17.4,3.18,11.2,29.9,0.573,1.44,4,4,4,6.19,19.14
10,11,1.89,1.7,163,146,159,150,159,158,162,162,174,0.176,0.0422,-0.0193,-0.0668,0.614,0.666,0.72,1.53,11,14,8,8,2,6,2,10.4,15,0.682,1.25,0.0568,3.38,0.634,0.756,0.601,0.716,1.95,1.3,43.4,-2.68,24.3,36.4,0,41.3,0,31.1,10.4,4.41,6.83,12.7,0.599,1.38,2,2,2,1.61,9.34
10,11,1.78,1.37,165,148,156,159,161,162,164,163,167,-0.447,-0.0569,-0.0928,-0.12,0.75,0.769,0.805,1.44,11,16,10,8,2,6,2,10.1,18,0.514,-3.5,-0.1,3.7,0.613,0.791,0.591,0.763,2.34,1.26,57.4,-3.76,24.3,36.4,0,41.3,0,25.1,7.7,3.32,12.7,21.6,0.629,1.34,2,2,2,1.72,2.26
10,11,1.82,1.38,164,147,156,159,161,162,163,162,166,-0.075,-0.0105,-0.0397,-0.0725,0.668,0.687,0.727,1.45,11,16,10,8,2,6,2,10.3,18,0.529,-3.5,-0.103,3.68,0.615,0.809,0.59,0.777,2.3,1.14,54.9,-4.85,24.3,36.4,0,41.3,0,31.1,8.39,3.32,12.7,21.6,0.61,1.39,3,2,2,1.63,5.65
16,17,1.9,1.67,160,144,153,150,154,158,159,159,162,-0.0765,-0.0118,-0.0562,-0.0939,0.738,0.74,0.792,1.28,17,20,11,13,3,9,5,14,22,0.733,3,0.1,3.71,0.653,0.804,0.618,0.76,1.97,1.11,53.3,-3.87,30.3,60.2,11.5,59.5,11.5,31.1,14,4.52,8.86,20.4,0.562,1.44,3,3,3,2.8,12.81
16,17,1.97,1.72,158,143,152,148,154,156,157,159,159,0.166,0.0288,-0.0218,-0.064,0.66,0.671,0.727,1.23,17,20,11,13,4,8,6,13.1,22,0.759,3.25,0.112,3.67,0.657,0.805,0.616,0.755,1.92,1.09,51.7,-4.83,24.3,59.7,11.5,53.4,11.5,31.1,13.1,4.09,7.15,20.2,0.528,1.51,3,3,3,2.91,21.31
19,21,1.95,1.75,163,149,158,152,158,158,161,161,170,-0.0551,-0.0118,-0.054,-0.103,0.623,0.656,0.725,1.51,21,25,11,9,2,7,2,11.3,21.5,0.796,2.75,0.102,3.85,0.714,0.828,0.663,0.769,1.54,0.929,46,-4.26,24.3,63.6,0,57.2,0,36.1,10.3,2.92,6.83,15.1,0.729,1.32,3,4,3,0.869,8.95
16,17,1.82,1.48,163,148,157,157,159,160,163,160,165,-0.402,-0.0524,-0.0751,-0.113,0.765,0.752,0.808,1.48,17,21,10,9,2,8,2,12.1,19.5,0.591,-3,-0.0909,3.96,0.682,0.847,0.648,0.805,1.85,0.891,51.4,-2.43,24.3,69.5,0,63.1,0,30,11,2.96,7.5,20,0.702,1.32,3,3,3,-0.22,7.84
16,17,1.86,1.55,162,147,156,155,158,159,162,159,165,-0.144,-0.021,-0.0475,-0.0893,0.714,0.707,0.767,1.45,17,22,11,10,2,8,2,12.3,20.5,0.641,-1.25,-0.0391,4.04,0.706,0.858,0.666,0.81,1.69,0.814,47.9,-3.24,30.8,81.8,0,75.5,0,30,11.1,3.95,6.47,17.5,0.668,1.36,3,3,3,0.933,8.67
16,17,1.97,1.72,161,146,156,151,157,156,161,161,171,0.175,0.0406,-0.0147,-0.0633,0.546,0.597,0.658,1.47,17,21,10,9,2,8,2,12.2,19.5,0.812,3.75,0.156,3.56,0.674,0.8,0.628,0.746,1.72,1.06,46.4,-3.62,24.3,69.5,0,63.1,0,36.1,11.2,3.09,8.1,15,0.646,1.37,3,3,3,0.993,11.34
15,16,1.96,1.73,161,145,155,150,157,156,161,161,168,0.119,0.0271,-0.0275,-0.0736,0.627,0.663,0.722,1.43,16,20,11,11,2,8,3,13.1,20,0.769,3.25,0.125,3.6,0.663,0.805,0.619,0.752,1.83,1.06,48.5,-2.84,24.3,60.7,0,59.9,0,37.2,10.6,3.39,11,17.1,0.594,1.42,2,3,2,2.44,13.52
19,21,1.98,1.62,160,145,152,152,156,159,162,161,164,0.351,0.117,0.00702,-0.0541,0.57,0.704,0.765,1.26,21,23,11,13,4,11,3,21.1,21.5,0.768,4,0.143,3.37,0.595,0.762,0.56,0.718,2.3,1.35,57,-6.64,42.5,72.4,0,71.8,0,73.7,19.2,3.57,15.7,22.1,0.422,1.63,3,4,3,3.91,18.03
26,28,2.01,1.7,159,143,153,150,155,157,160,158,163,0.905,0.154,0.0339,-0.0343,0.498,0.62,0.688,1.32,28,32,17,21,5,16,6,28.1,33.5,0.798,7.25,0.173,3.27,0.525,0.701,0.496,0.663,2.96,1.86,90.2,-8.73,60.7,103,5.75,107,5.75,80.5,28.1,7.62,23.5,31.5,0.466,1.57,5,5,5,5.41,25.83
16,17,1.93,1.53,160,142,150,151,157,161,162,160,160,0.306,0.0551,-0.0137,-0.0554,0.676,0.739,0.777,1.18,17,19,10,12,4,9,5,16.6,20,0.541,-3.25,-0.0878,3.52,0.57,0.796,0.546,0.762,2.65,1.26,61.6,-5.92,37.3,65.7,5.75,59.5,5.75,55.4,16.6,5.7,17.3,36.2,0.361,1.71,5,3,3,4.86,23.93
10,11,2.02,1.59,163,147,155,156,159,160,163,160,166,-1.06,-0.164,-0.233,-0.279,0.877,0.914,0.986,1.42,11,15,9,8,2,6,2,9.6,16.5,0.635,0.25,0.00962,3.89,0.707,0.826,0.672,0.785,1.61,0.956,44.6,-1.87,24.3,36.4,0,41.3,0,4.72,7.65,2.88,6.51,13.6,0.782,1.18,2,2,2,0.815,1.69
16,17,1.97,1.71,159,143,151,149,155,157,159,157,161,-0.0296,-0.00532,-0.0724,-0.111,0.704,0.728,0.782,1.2,17,20,11,13,3,9,5,13.7,22,0.815,5,0.185,3.47,0.636,0.764,0.596,0.715,1.98,1.29,55.4,-3.74,30.3,60.2,11.5,59.5,11.5,25.1,13.7,3.12,8.94,19,0.556,1.46,3,3,3,3.08,16.31
16,17,1.98,1.67,159,143,151,150,154,157,159,157,161,0.275,0.0559,-0.0185,-0.0637,0.611,0.657,0.71,1.23,17,20,11,13,3,10,4,16.5,21.5,0.796,4.75,0.176,3.43,0.62,0.766,0.583,0.719,2.1,1.29,55,-4.57,36.4,66.2,5.75,65.6,5.75,31.1,16.5,3.45,12.7,20.8,0.49,1.53,3,3,3,3.3,16.72
10,11,1.82,1.42,164,147,157,158,160,161,165,164,168,0.0548,0.0101,-0.0427,-0.0805,0.648,0.708,0.747,1.48,11,15,9,8,2,6,2,10.7,16.5,0.569,-1.25,-0.0431,3.65,0.628,0.818,0.604,0.786,2.16,1.06,47.1,-4.58,24.3,36.4,0,41.3,0,37.2,9.74,4.4,11.3,16.2,0.58,1.4,2,2,2,1.94,6.79
20,22,1.92,1.57,162,146,155,154,158,159,162,161,166,0.287,0.0373,-0.0448,-0.0938,0.64,0.717,0.771,1.4,22,27,15,16,4,12,4,20.3,28.5,0.663,1.75,0.0407,3.61,0.573,0.729,0.548,0.697,2.69,1.71,79.4,-6.39,48.5,72.8,0,82.6,0,56.2,18.7,6.68,16,29.1,0.575,1.43,4,4,4,2.98,13.88
10,11,1.89,1.56,163,146,156,155,158,160,162,159,168,0.142,0.0334,-0.0403,-0.0848,0.625,0.695,0.743,1.42,11,14,8,8,2,6,2,10.4,15,0.652,1,0.0435,3.56,0.657,0.804,0.625,0.765,1.86,1.06,41.7,-3.44,31.2,36.4,0,41.3,0,31.1,9.25,4.12,6.51,13.6,0.571,1.41,2,2,2,2.05,9.13
20,22,1.98,1.66,161,145,154,153,157,158,160,160,165,0.198,0.0233,-0.0482,-0.0921,0.634,0.695,0.747,1.34,22,28,16,16,4,12,4,20,30,0.652,1.5,0.0326,3.67,0.577,0.718,0.551,0.686,2.69,1.79,83.1,-6.37,48.5,72.8,0,82.6,0,50.1,16.9,6.47,15.3,29.7,0.618,1.39,4,4,4,3.41,13.33
20,22,1.97,1.64,161,145,154,152,158,157,162,161,165,0.534,0.063,-0.0228,-0.0762,0.595,0.67,0.732,1.3,22,28,16,16,4,12,4,19.7,30,0.652,1,0.0217,3.62,0.569,0.711,0.544,0.679,2.74,1.84,83.4,-6.18,48.5,72.8,0,82.6,0,50.1,17.2,6.09,14.1,27.8,0.619,1.38,4,4,4,3.07,13.61
20,21,1.87,1.55,164,149,157,157,161,161,166,165,170,-0.401,-0.068,-0.101,-0.141,0.779,0.784,0.842,1.46,21,24,12,10,2,7,6,11.5,24,0.727,1.75,0.053,4.15,0.717,0.856,0.676,0.807,1.64,0.832,47.2,-4.9,24.3,58.6,11.5,52.3,0,31.1,10.3,3.17,5.83,15.3,0.707,1.32,4,4,4,1.1,6.03
16,17,1.91,1.65,162,147,156,151,160,157,162,159,166,0.108,0.0211,-0.0371,-0.0862,0.616,0.657,0.721,1.41,17,21,10,8,3,7,3,11.4,19.5,0.75,2.25,0.0865,3.77,0.695,0.824,0.652,0.774,1.65,0.954,44.9,-4.72,24.3,69,0,57.1,0,36.1,10.3,3.05,7.65,15.5,0.665,1.35,3,3,3,1.19,8.87
19,21,1.9,1.78,164,148,162,150,160,159,162,164,166,0.322,0.0915,0.0501,-0.0144,0.605,0.644,0.722,1.66,21,23,11,9,2,8,3,13.6,22,0.786,2.5,0.0893,3.43,0.615,0.729,0.577,0.684,2.15,1.51,51.8,-4.39,24.3,49.1,0,53.9,0,43.3,10.9,5.17,7.27,16.1,0.652,1.39,3,4,3,2.35,18.56
15,16,1.87,1.61,163,148,158,154,159,161,163,162,167,0.0627,0.0132,-0.0316,-0.0777,0.67,0.709,0.765,1.53,16,19,10,9,2,8,3,13.4,19,0.679,0.75,0.0268,3.82,0.677,0.816,0.641,0.773,1.83,1.04,44.5,-3.61,24.3,54.6,0,53.8,0,31.1,9.05,4.51,8.17,17.2,0.618,1.39,2,3,2,1.61,2.01
16,17,1.93,1.73,159,143,153,148,154,157,159,159,161,0.156,0.0276,-0.022,-0.0655,0.673,0.684,0.74,1.29,17,20,11,13,3,9,5,14.1,22,0.786,4.25,0.152,3.5,0.631,0.772,0.593,0.726,2.05,1.27,54.6,-4.43,24.3,60.2,11.5,59.5,11.5,31.1,14.1,4.52,8.86,19.5,0.541,1.47,3,3,3,3.38,17.34
16,17,2,1.72,158,142,151,149,155,157,159,155,162,0.241,0.05,-0.0252,-0.0708,0.615,0.657,0.713,1.22,17,20,11,13,3,10,4,15.7,21.5,0.827,5.25,0.202,3.32,0.611,0.748,0.571,0.699,2.11,1.37,56.3,-4.17,24.3,66.2,5.75,65.6,5.75,31.1,15.7,3.35,11,19.5,0.509,1.51,3,3,3,3.37,17.57
29,32,2,1.71,160,144,152,150,155,157,159,158,162,0.512,0.0658,-0.021,-0.0744,0.599,0.673,0.736,1.29,32,37,19,21,6,16,6,26.7,37,0.771,6.25,0.13,3.68,0.579,0.742,0.547,0.701,2.68,1.64,88.8,-8.51,48.5,103,5.75,107,5.75,62.3,23.6,7.12,19.5,40.3,0.523,1.52,5,6,5,5.35,20.29
10,11,1.86,1.49,163,146,155,156,159,160,162,161,166,-0.141,-0.0242,-0.077,-0.11,0.693,0.726,0.767,1.39,11,15,9,8,2,6,2,10.1,16.5,0.611,0,0,3.67,0.654,0.807,0.624,0.771,1.94,1.08,46.9,-3.19,24.3,36.4,0,41.3,0,25.1,8.67,3.12,8.94,17.1,0.614,1.36,2,2,2,1.89,5.97
10,11,1.8,1.46,166,151,158,159,161,162,164,164,168,-0.24,-0.0486,-0.111,-0.153,0.767,0.831,0.883,1.43,11,15,9,8,2,6,2,10.2,16.5,0.569,-1.38,-0.0474,3.93,0.687,0.839,0.658,0.804,1.79,0.925,43.2,-3.59,24.3,36.4,0,41.3,0,31.1,8.94,3.12,8.94,16.6,0.646,1.27,2,2,2,0.901,2.44
10,11,1.86,1.52,163,146,156,155,160,162,163,159,163,0.198,0.0453,-0.0279,-0.0713,0.619,0.7,0.741,1.43,11,14,8,8,2,6,2,10.5,15,0.6,0,0,3.51,0.626,0.795,0.6,0.762,2.1,1.15,43.4,-3.85,44.5,36.4,0,41.3,0,38.1,9.29,5.06,6.24,14.4,0.527,1.45,2,2,2,2.68,13.2
10,11,1.99,1.66,161,145,154,153,157,158,161,159,168,0.0509,0.0121,-0.0507,-0.0901,0.644,0.697,0.744,1.34,11,14,8,8,2,6,2,10.3,15,0.652,1,0.0435,3.76,0.702,0.822,0.666,0.781,1.6,0.952,42.3,-3.15,24.3,36.4,0,41.3,0,31.1,9.01,2.88,6.51,13.6,0.646,1.33,2,2,2,1.57,14.12
10,11,1.83,1.46,164,148,157,157,161,163,163,162,168,-0.374,-0.0424,-0.124,-0.177,0.786,0.82,0.894,1.51,11,15,9,8,2,6,2,9.77,16.5,0.516,-4.5,-0.141,3.87,0.666,0.838,0.638,0.803,1.94,0.938,54.7,-0.83,24.3,36.4,0,41.3,0,25.1,8.09,2.76,5.83,15.4,0.821,1.17,3,2,2,-1.19,1.79
16,17,1.88,1.58,161,146,155,152,157,159,160,159,163,0.0393,0.00747,-0.0596,-0.104,0.755,0.796,0.851,1.31,17,19,10,13,3,9,5,14.5,20.5,0.707,2.25,0.0776,3.6,0.628,0.779,0.598,0.741,2.13,1.27,54.1,-4.65,30.3,60.2,11.5,59.5,11.5,31.1,14.5,4.51,9.86,21.4,0.524,1.49,3,3,3,2.63,6.19
16,17,1.88,1.58,161,146,155,152,157,159,161,158,163,0.0393,0.00747,-0.0596,-0.104,0.755,0.796,0.851,1.31,17,19,10,13,3,9,5,14.5,20.5,0.707,2.25,0.0776,3.6,0.628,0.779,0.598,0.741,2.13,1.27,54.1,-4.65,30.3,60.2,11.5,59.5,11.5,31.1,14.5,4.44,9.9,21.1,0.524,1.49,3,3,3,2.63,7.2
16,17,1.89,1.62,161,146,155,151,159,159,160,161,166,-0.129,-0.0245,-0.0799,-0.117,0.787,0.816,0.864,1.34,17,19,10,13,3,9,5,14.5,20.5,0.707,2.5,0.0862,3.51,0.613,0.766,0.583,0.728,2.22,1.34,55.5,-3.62,30.3,60.2,11.5,59.5,11.5,37.2,14.5,5.24,9.92,20.3,0.522,1.48,3,3,3,2.67,8.59
16,17,1.95,1.67,162,148,157,153,157,158,163,160,168,0.133,0.0354,-0.0345,-0.0889,0.593,0.663,0.73,1.44,17,20,10,9,2,8,3,13.2,20,0.833,4.25,0.177,3.64,0.685,0.807,0.639,0.753,1.68,1.03,44.6,-4.59,24.3,59.1,0,58.4,0,37.2,12,3,7.56,14.5,0.649,1.38,3,3,3,1.79,7.58
10,11,1.86,1.52,164,148,156,156,159,161,163,162,167,-0.123,-0.0236,-0.0869,-0.124,0.674,0.731,0.777,1.37,11,15,9,8,2,6,2,10.1,16.5,0.635,0.5,0.0192,3.81,0.687,0.835,0.654,0.795,1.74,0.915,43.3,-3.01,24.3,36.4,0,41.3,0,25.1,8.62,3,7.56,16.1,0.637,1.34,2,2,2,0.903,3.32
10,11,1.89,1.56,163,146,156,155,158,160,162,159,168,0.142,0.0334,-0.0403,-0.0848,0.625,0.695,0.743,1.42,11,14,8,8,2,6,2,10.4,15,0.652,1,0.0435,3.56,0.657,0.804,0.625,0.765,1.86,1.06,41.7,-3.44,31.2,36.4,0,41.3,0,31.1,9.25,4.12,6.51,13.6,0.571,1.41,2,2,2,2.05,9.23
32,34,1.99,1.67,159,143,152,151,155,156,158,158,161,0.601,0.0707,-0.00361,-0.054,0.607,0.661,0.72,1.26,34,39,21,27,5,20,8,33.4,41.5,0.798,8.75,0.168,3.48,0.538,0.702,0.509,0.664,2.99,1.93,105,-9.2,60.7,127,17.2,131,17.2,62.3,32,7.52,27.1,42.5,0.483,1.56,6,6,6,6.66,25.44
16,17,1.98,1.68,159,143,151,150,154,155,160,156,160,0.275,0.0559,-0.0185,-0.0637,0.611,0.657,0.71,1.23,17,20,11,13,3,10,4,16.6,21.5,0.796,4.75,0.176,3.43,0.62,0.753,0.583,0.707,2.1,1.36,55,-4.57,42.5,66.2,5.75,65.6,5.75,31.1,16.6,3.45,12.8,20.8,0.49,1.53,3,3,3,3.3,16.42
10,11,1.79,1.47,166,151,158,158,162,163,164,165,168,-0.197,-0.0394,-0.101,-0.143,0.761,0.829,0.878,1.44,11,15,9,8,2,6,2,10.4,16.5,0.55,-1.88,-0.0625,3.87,0.667,0.82,0.641,0.788,1.94,1.05,45.1,-2.86,24.3,36.4,0,41.3,0,31.1,9.34,3.35,11.3,17.5,0.623,1.29,2,2,2,1.37,3
20,22,2.04,1.67,161,145,154,153,156,158,159,158,164,0.255,0.0298,-0.0443,-0.0874,0.629,0.695,0.746,1.3,22,28,16,16,4,12,4,20.2,30,0.625,0.5,0.0104,3.68,0.573,0.709,0.548,0.679,2.75,1.87,86.1,-6.81,70.1,72.8,0,82.6,0,50.1,17.4,6.46,16.2,29.3,0.634,1.37,4,4,4,4.45,15.82
10,11,1.8,1.43,165,150,157,158,161,162,164,163,168,-0.173,-0.031,-0.085,-0.123,0.708,0.766,0.811,1.45,11,15,9,8,2,6,2,10.3,16.5,0.569,-1.5,-0.0517,3.77,0.653,0.822,0.627,0.789,2.01,1.03,46.6,-3.84,24.3,36.4,0,41.3,0,31.1,8.32,3.22,10.5,17.3,0.639,1.34,2,2,2,1.48,4.47
16,17,1.93,1.6,161,146,152,153,157,160,161,160,166,-0.0646,-0.012,-0.0783,-0.114,0.657,0.718,0.761,1.22,17,21,12,14,3,10,4,16.3,23,0.742,4,0.129,3.67,0.638,0.785,0.603,0.742,2.08,1.24,58.2,-4.46,36.4,66.2,0,65.6,0,25.1,14.6,3.16,10.9,22.7,0.54,1.46,3,3,3,2.49,11.44
16,17,1.99,1.64,160,145,152,153,157,159,161,159,163,0.217,0.0469,-0.0197,-0.0626,0.541,0.616,0.663,1.26,17,21,12,14,3,10,4,17.1,22.5,0.75,3.5,0.117,3.52,0.621,0.769,0.583,0.722,2.15,1.31,58.6,-5.77,36.4,66.2,0,65.6,0,31.1,15.9,3.21,11.2,23.5,0.514,1.53,3,3,3,2.78,11.97
10,11,1.86,1.51,163,146,156,155,161,160,162,162,163,0.198,0.0453,-0.0279,-0.0713,0.619,0.7,0.741,1.43,11,14,8,8,2,6,2,10.5,15,0.6,0,0,3.51,0.626,0.787,0.6,0.755,2.1,1.19,43.4,-3.85,38.1,36.4,0,41.3,0,45,9.3,4.84,6.51,14.6,0.527,1.45,2,2,2,2.68,13.36
10,11,1.98,1.61,162,145,155,153,158,159,161,160,166,0.152,0.035,-0.0342,-0.0776,0.628,0.697,0.742,1.33,11,14,8,8,2,6,2,10.4,15,0.6,0,0,3.63,0.654,0.817,0.626,0.781,1.92,1.02,43.5,-3.92,24.3,36.4,0,41.3,0,37.4,9.3,4.17,7.56,14.8,0.602,1.38,2,2,2,2.39,10.89
20,22,1.94,1.75,164,150,158,155,158,160,162,162,168,-0.167,-0.0343,-0.0785,-0.126,0.656,0.69,0.758,1.46,22,26,12,9,2,7,3,11,24,0.828,4,0.138,4.04,0.735,0.842,0.684,0.783,1.45,0.867,45.2,-4.29,24.3,63.3,0,57.1,0,25.1,10.1,2.79,6.02,16,0.741,1.3,4,4,4,0.518,9.55
20,22,1.94,1.65,164,150,158,156,159,160,164,163,167,-0.167,-0.0343,-0.0785,-0.126,0.656,0.69,0.758,1.46,22,26,12,9,2,7,3,11.2,24,0.828,4,0.138,3.99,0.727,0.842,0.676,0.783,1.5,0.867,46.3,-5.53,24.3,63.3,0,57.1,0,31.1,10.3,2.73,5.66,14.5,0.744,1.3,4,4,4,1.03,10.82
16,17,1.89,1.5,162,146,153,156,159,160,162,161,165,-0.239,-0.0339,-0.0778,-0.106,0.693,0.721,0.759,1.3,17,22,13,13,3,11,3,18.3,24,0.667,1.75,0.0486,3.73,0.623,0.774,0.593,0.736,2.25,1.35,65.3,-4.47,54.6,72.3,0,71.6,0,25.1,15.2,3.25,13.8,25.4,0.567,1.43,3,3,3,1.84,10.07
16,17,1.97,1.69,160,144,153,151,157,155,158,158,164,0.169,0.033,-0.0209,-0.0592,0.588,0.628,0.674,1.34,17,21,12,13,3,11,3,17.7,22.5,0.776,4.5,0.155,3.35,0.597,0.727,0.561,0.683,2.26,1.53,61.3,-3.94,42.5,72.3,0,71.6,0,25.1,17.7,3.58,14.6,21.6,0.523,1.48,3,3,3,2.82,7.07
10,11,1.9,1.56,162,145,156,155,158,160,160,159,167,0.244,0.0553,-0.00606,-0.0513,0.594,0.657,0.702,1.46,11,14,8,8,2,6,2,10.7,15,0.6,-0.75,-0.03,3.42,0.616,0.791,0.586,0.753,2.14,1.16,45.2,-3.02,24.3,36.4,0,41.3,0,37.2,9.68,3.42,11.7,17.7,0.538,1.48,3,2,2,2.53,13.45
10,11,1.86,1.53,163,147,156,156,159,160,162,160,167,-0.115,-0.023,-0.0845,-0.122,0.72,0.761,0.809,1.4,11,14,8,8,2,6,2,10.2,15,0.625,0.25,0.0104,3.71,0.679,0.829,0.647,0.79,1.75,0.932,41.8,-2.87,24.3,36.4,0,41.3,0,31.1,8.78,3,7.56,14.8,0.62,1.36,2,2,2,1.02,4.05
10,11,1.92,1.56,162,145,156,155,157,158,161,160,168,0.253,0.0593,0.00399,-0.0457,0.584,0.629,0.685,1.42,11,14,8,8,2,6,2,10.7,15,0.652,0.25,0.0109,3.53,0.658,0.813,0.622,0.768,1.83,1,42,-3.73,24.3,36.4,0,41.3,0,37.2,9.84,3,7.56,14.9,0.588,1.43,2,2,2,1.5,9.26
10,11,1.86,1.48,163,147,157,157,159,162,165,163,167,0.0622,0.0115,-0.0325,-0.0723,0.631,0.672,0.719,1.5,11,15,9,8,2,6,2,10.4,16.5,0.589,-1.5,-0.0536,3.68,0.649,0.831,0.618,0.791,1.99,0.961,46.4,-3.11,24.3,36.4,0,41.3,0,31.1,9.5,3.2,9.95,17.6,0.612,1.39,2,2,2,1.26,7.17
10,11,1.89,1.58,162,146,156,154,159,159,160,159,169,-0.0374,-0.00731,-0.059,-0.0978,0.691,0.722,0.771,1.44,11,14,8,8,2,6,2,10.3,15,0.6,-1,-0.04,3.67,0.668,0.834,0.635,0.792,1.82,0.912,42.5,-1.93,24.3,36.4,0,41.3,0,31.1,9.05,3.09,7.9,17.2,0.608,1.4,2,2,2,1.11,5.17
19,21,2.03,1.78,158,143,150,149,153,154,157,155,161,0.231,0.0523,-0.0147,-0.0581,0.589,0.645,0.695,1.24,21,25,13,15,4,11,3,19.3,24,0.8,5.25,0.175,3.23,0.573,0.719,0.535,0.671,2.41,1.59,66.1,-4.39,42.5,78.5,0,77.8,0,37.2,17.8,3.84,17.3,27,0.45,1.59,3,4,3,4.2,20.61
16,17,1.95,1.66,159,143,151,150,155,157,159,157,161,0.0164,0.0029,-0.0629,-0.101,0.697,0.724,0.776,1.21,17,20,11,13,3,10,4,15.6,21.5,0.768,4,0.143,3.55,0.64,0.78,0.601,0.733,2,1.22,55,-3.62,36.4,66.2,5.75,65.6,5.75,31.1,15.6,3.31,10.9,20.6,0.534,1.48,3,3,3,2.79,12.94
16,17,2.03,1.73,157,141,151,148,155,156,158,157,160,0.481,0.118,0.0302,-0.0248,0.499,0.569,0.627,1.24,17,20,11,13,3,10,4,16.6,21.5,0.86,6,0.24,3.12,0.578,0.737,0.539,0.688,2.27,1.42,56.4,-4.76,36.4,66.2,5.75,65.6,5.75,37.2,16.6,3.45,12.7,19,0.462,1.56,3,3,3,3.49,21.64
16,17,1.94,1.61,160,143,151,151,156,157,160,157,162,0.0573,0.00998,-0.0549,-0.0932,0.691,0.721,0.771,1.22,17,20,11,13,3,10,4,16.3,21.5,0.741,3.5,0.121,3.58,0.635,0.799,0.6,0.754,2.06,1.13,55.3,-4.01,36.4,66.2,5.75,65.6,5.75,31.1,16.3,3.45,12.7,21.8,0.515,1.49,3,3,3,2.66,14.39
10,11,1.82,1.45,164,147,157,157,162,161,165,164,171,0.0548,0.0101,-0.0427,-0.0805,0.648,0.708,0.747,1.48,11,15,9,8,2,6,2,10.3,16.5,0.569,-1.25,-0.0431,3.7,0.637,0.814,0.612,0.782,2.11,1.08,45.7,-4.21,38.1,36.4,0,41.3,0,45,9.26,4.74,7.09,15.6,0.583,1.39,2,2,2,1.8,11.22
19,21,1.98,1.7,159,144,151,150,154,157,159,156,161,0.156,0.03,-0.0389,-0.0832,0.649,0.692,0.748,1.21,21,24,12,13,4,10,4,16.9,23.5,0.783,4.25,0.142,3.71,0.658,0.809,0.617,0.758,1.93,1.08,54.3,-5.42,24.3,66.4,5.75,65.7,5.75,31.1,15.3,3.4,11.7,24.8,0.51,1.53,3,4,3,3.78,15.09
26,28,1.96,1.69,160,144,154,150,155,157,160,159,163,0.62,0.0821,0.000255,-0.0565,0.624,0.687,0.751,1.34,28,32,17,21,5,15,7,25.1,34,0.756,5.5,0.122,3.52,0.557,0.707,0.528,0.671,2.8,1.85,87.2,-8.01,54.6,96.6,11.5,101,11.5,62.3,25.1,8.83,17.6,33.3,0.517,1.51,5,5,5,4.91,23.41
16,17,1.94,1.63,160,145,153,152,156,156,159,156,162,0.0809,0.0138,-0.0442,-0.0842,0.647,0.678,0.73,1.28,17,21,12,13,3,10,4,15.9,23,0.767,4,0.133,3.62,0.641,0.771,0.603,0.725,2.02,1.29,57.9,-4.53,36.4,66.2,5.75,65.6,5.75,31.1,15.9,3.39,12,21.6,0.565,1.44,3,3,3,2.49,11.05
20,22,2,1.74,158,143,151,150,154,156,158,157,161,-0.05,-0.00852,-0.0693,-0.107,0.705,0.721,0.776,1.19,22,25,13,16,3,10,5,15.5,26,0.839,6,0.194,3.64,0.649,0.777,0.605,0.724,1.97,1.25,59.1,-4.84,30.3,66.4,11.5,65.6,11.5,31.1,15.5,3.22,9.99,23.7,0.552,1.48,4,4,4,3.63,9.06
30,33,2.03,1.79,158,142,152,148,153,154,157,155,159,0.654,0.0796,-0.00397,-0.0586,0.583,0.634,0.702,1.27,33,38,20,24,5,16,7,25.2,39.5,0.84,9,0.191,3.48,0.556,0.679,0.522,0.637,2.77,2.01,95.3,-8.19,54.6,103,11.5,107,11.5,50.1,25.2,7.15,18.3,39.8,0.536,1.51,6,6,6,5.91,26.34
10,11,1.87,1.55,163,146,156,154,161,160,163,158,165,0.172,0.0398,-0.0336,-0.0776,0.622,0.697,0.741,1.42,11,14,8,8,2,6,2,10.4,15,0.625,0.5,0.0208,3.52,0.637,0.778,0.608,0.743,2.01,1.23,43,-3.46,38.1,36.4,0,41.3,0,31.1,9.23,4.2,6.12,12.5,0.548,1.43,2,2,2,2.29,10.81
16,17,1.82,1.51,163,147,157,155,163,158,163,160,164,-0.506,-0.0649,-0.0801,-0.112,0.779,0.761,0.81,1.51,17,21,10,8,3,7,3,10.7,19.5,0.574,-3.25,-0.0956,3.92,0.666,0.841,0.635,0.802,1.97,0.937,51.1,-1.81,24.3,69,0,57.1,0,11,9.63,4.14,6.43,19.6,0.68,1.34,3,3,3,-0.614,5.85
16,17,1.81,1.49,163,147,157,156,161,159,163,160,166,-0.338,-0.0434,-0.0658,-0.103,0.758,0.747,0.801,1.48,17,21,10,8,3,7,3,11.2,19.5,0.574,-3.5,-0.103,4.01,0.682,0.854,0.65,0.815,1.87,0.856,49.1,-2.95,24.3,69,0,57.1,0,25.1,9.98,3.74,6.57,18.9,0.681,1.34,3,3,3,0.0889,8.54
16,17,1.87,1.58,162,147,156,153,162,156,162,159,163,-0.255,-0.0366,-0.0546,-0.0899,0.73,0.719,0.77,1.49,17,22,11,9,3,7,3,10.8,20.5,0.621,-1.5,-0.0455,4.04,0.695,0.859,0.659,0.814,1.77,0.817,46.8,-2.62,30.8,81.3,0,69.4,0,25.1,9.7,4.56,6.24,17.3,0.647,1.37,3,3,3,0.539,9.39
19,21,1.91,1.68,164,149,160,154,160,161,164,163,167,0.0343,0.00812,-0.0316,-0.0874,0.649,0.685,0.759,1.57,21,24,11,9,2,7,3,12,22,0.786,2.5,0.0893,3.82,0.691,0.803,0.646,0.751,1.71,1.09,46.3,-4.78,24.3,53.1,0,52.4,0,31.1,10.5,3.52,5.83,13.9,0.71,1.33,3,4,3,1.68,10.32
10,11,1.81,1.46,165,150,158,158,160,162,164,163,167,-0.216,-0.0393,-0.0936,-0.132,0.713,0.768,0.816,1.45,11,15,9,8,2,6,2,10.2,16.5,0.589,-1,-0.0357,3.83,0.672,0.835,0.644,0.799,1.87,0.943,44.8,-3.45,24.3,36.4,0,41.3,0,31.1,8.14,3.12,8.94,16.6,0.662,1.32,2,2,2,1.09,3.74
19,21,1.89,1.52,165,149,159,158,161,162,164,166,166,-1.63,-0.194,-0.21,-0.265,0.961,0.934,1.02,1.6,21,24,12,9,2,8,3,13,23.5,0.618,-3.25,-0.0855,4.28,0.716,0.875,0.678,0.83,1.7,0.746,50.3,-2.75,24.3,49.1,0,53.9,0,31.1,10.4,3.03,8.27,21.4,0.823,1.22,3,4,3,1.6,4.58
19,21,1.97,1.63,160,145,152,152,157,159,161,160,163,0.0738,0.0158,-0.0522,-0.094,0.655,0.719,0.768,1.24,21,24,12,13,4,11,3,19.7,23,0.742,3.5,0.113,3.67,0.638,0.785,0.601,0.74,2.08,1.24,57.2,-5.61,42.5,72.4,0,71.8,0,55.4,16.6,3.32,13,25,0.493,1.55,3,4,3,3.36,11.44
29,32,1.93,1.59,163,147,156,155,159,159,162,161,166,-0.228,-0.022,-0.0578,-0.1,0.742,0.753,0.812,1.43,32,37,19,17,4,14,5,22.9,37,0.638,-1.75,-0.0302,4.12,0.62,0.79,0.591,0.753,2.53,1.4,83.4,-6.62,48.5,85.5,0,95.2,0,56.2,19.1,6.09,15.5,37.4,0.676,1.37,5,6,5,3.24,10.52
16,17,1.94,1.71,159,143,153,149,153,156,158,159,160,0.202,0.0351,-0.0154,-0.0581,0.668,0.683,0.737,1.27,17,21,12,15,3,9,5,14.9,23,0.767,4.25,0.142,3.41,0.601,0.75,0.566,0.706,2.26,1.42,61.3,-4.49,30.3,66.2,11.5,65.6,11.5,31.1,14.9,5.08,11.9,22.1,0.504,1.51,3,3,3,3.78,18.47
16,17,1.94,1.71,159,143,153,149,153,156,158,157,159,0.202,0.0351,-0.0154,-0.0581,0.668,0.683,0.737,1.27,17,21,12,15,3,9,5,14.9,23,0.767,4.25,0.142,3.41,0.601,0.75,0.566,0.706,2.26,1.42,61.3,-4.49,30.3,66.2,11.5,65.6,11.5,31.1,14.9,5.08,12,22.6,0.504,1.51,3,3,3,3.78,17.49
26,28,2.04,1.78,158,142,152,148,153,155,158,155,159,0.979,0.154,0.0409,-0.0288,0.505,0.597,0.672,1.3,28,32,17,22,4,16,6,26.4,34,0.85,8.5,0.213,3.04,0.5,0.62,0.47,0.583,3.04,2.31,94.2,-7.64,60.7,97.1,11.5,107,11.5,62.3,26.4,7.59,20.1,31.8,0.491,1.55,5,5,5,5.66,26.7
10,11,2,1.6,162,145,155,154,158,158,162,161,169,0.451,0.107,-0.0392,-0.111,0.553,0.686,0.765,1.42,11,14,8,8,2,6,2,10.6,15,0.682,1.5,0.0682,3.57,0.67,0.807,0.635,0.765,1.76,1.03,42.6,-3.47,24.3,36.4,0,41.3,0,31.1,10.6,3.09,8.1,12.1,0.686,1.3,2,2,2,1.41,2.47
16,17,1.81,1.47,164,148,157,156,163,160,165,161,166,-0.532,-0.0733,-0.0919,-0.126,0.818,0.804,0.855,1.49,17,20,10,8,3,7,4,11.6,20,0.588,-2.75,-0.0809,4.01,0.678,0.844,0.647,0.805,1.9,0.921,49.6,-2.78,24.3,58.6,0,52.3,0,31.1,10.3,4.09,6.2,17.9,0.682,1.34,3,3,3,0.183,2.94
16,17,1.8,1.5,164,148,157,156,162,160,163,160,166,-0.364,-0.0501,-0.0769,-0.117,0.796,0.789,0.846,1.46,17,20,10,8,3,7,4,11.4,20,0.588,-3,-0.0882,4.06,0.688,0.852,0.657,0.813,1.84,0.875,47.7,-2.69,24.3,58.6,0,52.3,0,25.1,10.1,3.74,6.57,18.9,0.681,1.34,3,3,3,0.378,5.98
10,11,1.84,1.41,163,146,155,157,160,161,163,162,166,0.243,0.0542,-0.0188,-0.0612,0.616,0.708,0.742,1.43,11,14,8,8,2,6,2,10.5,15,0.556,-1,-0.037,3.33,0.575,0.743,0.554,0.716,2.46,1.49,49.8,-5.01,56.9,36.4,0,41.3,0,31.1,9.4,5.18,12.2,16.7,0.489,1.49,2,2,2,3.61,19.2
19,21,1.88,1.49,165,150,159,159,162,162,164,167,167,-1.85,-0.204,-0.22,-0.271,0.952,0.93,1.01,1.6,21,25,12,9,2,7,3,11.4,23.5,0.603,-4,-0.103,4.41,0.734,0.878,0.697,0.833,1.59,0.735,48.7,-2.79,24.3,53.1,0,52.4,0,31.1,10.2,2.83,6.81,20,0.848,1.19,3,4,3,0.897,5.57
10,11,1.89,1.49,163,147,155,158,160,160,163,162,165,-0.368,-0.0536,-0.087,-0.113,0.719,0.735,0.773,1.38,11,16,10,8,2,6,2,9.87,18,0.562,-1.75,-0.0547,3.99,0.684,0.841,0.655,0.805,1.84,0.93,50.1,-3.26,24.3,36.4,0,41.3,0,25.1,7.06,3.04,7.97,18.6,0.689,1.28,2,2,2,0.917,8.62
16,17,1.94,1.61,160,144,153,152,156,158,161,158,162,0.406,0.113,-0.000487,-0.0617,0.592,0.706,0.768,1.23,17,19,10,13,3,11,3,19.9,19.5,0.75,3.5,0.135,3.24,0.58,0.727,0.548,0.687,2.35,1.52,57.5,-4.74,54.6,72.3,0,71.6,0,55.4,19.9,3.54,14.7,19.5,0.444,1.58,3,3,3,3.31,10.77
16,17,1.96,1.58,160,144,153,152,157,159,162,161,164,0.238,0.0666,-0.0285,-0.0797,0.638,0.733,0.786,1.27,17,19,10,13,3,11,3,19.8,19.5,0.75,3.75,0.144,3.28,0.587,0.735,0.555,0.694,2.3,1.48,57.4,-4.84,54.6,72.3,0,71.6,0,43.3,19.8,3.45,14.1,18.5,0.443,1.58,3,3,3,2.92,13.77
25,27,1.85,1.48,164,149,156,158,162,163,164,162,163,-0.622,-0.0852,-0.0971,-0.135,0.87,0.842,0.901,1.44,27,29,14,15,2,12,5,20.9,28.5,0.679,-0.5,-0.0119,3.99,0.649,0.806,0.615,0.764,2.16,1.19,67.1,-4.69,42.5,73.1,0,78,0,49.3,19.6,3.23,12.5,28.5,0.663,1.4,4,5,4,2.2,8.73
16,17,2,1.7,159,144,152,150,155,158,161,157,161,0.124,0.029,-0.049,-0.0919,0.617,0.682,0.733,1.24,17,20,11,13,3,10,4,16.4,21.5,0.827,5.5,0.212,3.35,0.614,0.739,0.575,0.692,2.11,1.43,56.7,-4.48,36.4,66.2,0,65.6,0,31.1,16.4,3.28,10.9,19.2,0.509,1.51,3,3,3,3.4,16.62
10,11,1.9,1.53,162,146,156,155,159,159,163,162,167,0.082,0.0164,-0.0448,-0.0828,0.612,0.663,0.707,1.4,11,15,9,9,2,6,2,10.3,16.5,0.66,1.25,0.05,3.62,0.66,0.81,0.627,0.769,1.87,1.04,44.5,-3.74,24.3,36.4,0,41.3,0,31.1,10.3,3.16,8.92,15.5,0.595,1.39,2,2,2,1.62,7.59
16,17,1.98,1.7,159,144,152,150,156,157,159,156,164,0.354,0.102,-0.014,-0.0771,0.594,0.698,0.768,1.21,17,19,10,14,2,10,4,17,20.5,0.854,5.5,0.229,3.2,0.594,0.741,0.557,0.694,2.19,1.4,54.6,-4.46,24.3,60.7,5.75,65.6,5.75,37.2,17,3.35,11,17.9,0.482,1.54,3,3,3,3.26,16.3
26,28,2.04,1.76,159,143,153,149,154,156,159,157,162,0.857,0.149,0.0277,-0.0418,0.498,0.614,0.687,1.31,28,32,17,22,4,16,6,26.9,34,0.85,8.75,0.219,3.16,0.517,0.668,0.486,0.629,2.95,2.03,91.3,-7.96,48.5,97.1,5.75,107,5.75,68.3,26.9,7.32,19.5,30.5,0.491,1.55,5,5,5,5.69,25.04
19,21,1.92,1.55,163,148,157,156,161,160,164,164,166,-0.304,-0.0491,-0.0585,-0.0999,0.813,0.789,0.85,1.46,21,23,11,9,2,8,3,13.2,22,0.611,-2.75,-0.0764,4.06,0.681,0.852,0.647,0.81,1.9,0.88,51.4,-3.88,24.3,49.1,0,53.9,0,43.5,10.6,3.73,7.12,20,0.717,1.33,3,4,3,1.83,6.97
16,17,1.89,1.49,164,148,158,158,161,162,163,166,167,-1.58,-0.181,-0.205,-0.256,0.928,0.913,0.991,1.57,17,21,11,9,2,8,3,12.7,21.5,0.597,-3,-0.0833,4.18,0.706,0.859,0.672,0.817,1.75,0.839,50.3,-2.17,24.3,59.1,0,58.4,0,31.1,11.5,3.1,8.91,20,0.801,1.22,3,3,3,1.02,4.66
16,17,1.99,1.71,159,144,152,150,156,157,159,156,164,1.15,0.233,0.143,0.117,0.389,0.455,0.494,1.2,17,20,11,14,2,10,4,15.3,22,0.846,5.5,0.212,3.25,0.603,0.75,0.562,0.699,2.14,1.35,56.3,-4.8,24.3,70.8,5.75,65.6,5.75,31.1,15.3,3.35,11,17.9,0.586,1.43,3,3,3,3.58,23.45
19,21,1.93,1.61,161,145,154,153,155,159,160,156,162,0.339,0.0715,0.000487,-0.0505,0.603,0.675,0.731,1.3,21,24,12,13,4,10,4,17.7,23.5,0.734,3,0.0938,3.68,0.631,0.817,0.597,0.773,2.15,1.07,54.9,-6.81,24.3,66.4,5.75,65.7,5.75,43.4,15.9,4.83,13.5,25.6,0.486,1.55,3,4,3,3.83,14.32
10,11,1.85,1.45,165,148,157,158,161,164,164,162,168,-1.97,-0.22,-0.254,-0.3,1.01,0.999,1.07,1.49,11,14,8,8,2,6,2,9.81,15,0.469,-6,-0.188,3.93,0.674,0.836,0.649,0.804,1.9,0.957,51.3,-0.348,24.3,36.4,0,41.3,0,25.1,8.15,2.76,5.83,15.4,0.821,1.17,3,2,2,-0.899,1.6
20,22,1.9,1.51,163,146,157,156,159,160,163,163,168,0.75,0.135,0.0178,-0.0485,0.546,0.699,0.758,1.47,22,26,14,16,4,12,4,22.1,27,0.643,1,0.0238,3.25,0.509,0.674,0.488,0.647,3.13,2.08,84.5,-9.19,48.5,72.8,0,82.6,0,86.5,22.1,7.53,24.5,23.2,0.512,1.51,4,4,4,4.14,10.54
26,28,2.01,1.75,158,142,152,148,153,155,158,155,158,0.712,0.089,0.000437,-0.0552,0.575,0.635,0.7,1.29,28,33,18,21,5,15,7,23.6,35.5,0.807,7.5,0.17,3.42,0.551,0.686,0.519,0.647,2.79,1.95,90.3,-7.49,54.6,96.6,11.5,101,11.5,50.1,23.6,7.55,19.5,36.9,0.525,1.51,5,5,5,5.29,23.9
19,21,1.91,1.55,165,150,160,158,162,162,164,165,166,-3.32,-0.296,-0.316,-0.372,1.08,1.06,1.15,1.65,21,25,13,9,2,8,3,12.3,25,0.581,-5.5,-0.128,4.36,0.714,0.859,0.679,0.817,1.74,0.859,58.3,-0.999,24.3,49.1,0,53.9,0,25.1,10.1,2.95,7.12,20,0.945,1.08,3,4,3,0.692,1.49
20,22,1.92,1.59,162,146,155,154,158,159,162,161,165,0.221,0.0262,-0.0478,-0.0924,0.63,0.695,0.747,1.39,22,28,16,16,4,12,4,19.8,30,0.667,2,0.0444,3.58,0.565,0.696,0.539,0.664,2.76,1.93,83.5,-6.3,48.5,72.8,0,82.6,0,50.1,16.6,6.67,16.1,31.2,0.587,1.42,4,4,4,3.46,12.3
20,22,1.91,1.57,162,146,155,154,159,159,163,161,166,0.557,0.0659,-0.0224,-0.0765,0.591,0.67,0.731,1.35,22,28,16,16,4,12,4,19.6,30,0.667,1.5,0.0333,3.53,0.558,0.688,0.532,0.656,2.81,1.98,83.9,-6.11,48.5,72.8,0,82.6,0,50.1,16.9,6.27,14.7,29.1,0.588,1.42,4,4,4,3.11,12.96
16,17,2,1.7,159,144,152,150,156,158,160,157,164,0.124,0.029,-0.049,-0.0919,0.617,0.682,0.733,1.24,17,20,11,13,3,10,4,16.2,21.5,0.827,5.5,0.212,3.35,0.614,0.747,0.575,0.699,2.11,1.38,56.7,-4.48,24.3,66.2,0,65.6,0,37.2,16.2,3.35,11,19.5,0.509,1.51,3,3,3,3.4,11.52
19,21,1.86,1.48,165,150,159,159,162,162,165,166,168,-2.2,-0.226,-0.241,-0.289,0.985,0.958,1.04,1.59,21,25,12,9,2,7,3,11.1,23.5,0.587,-4.75,-0.119,4.41,0.732,0.868,0.695,0.824,1.61,0.797,51,-1.96,24.3,53.1,0,52.4,0,25.1,10,2.75,5.89,18.3,0.871,1.16,3,4,3,-0.132,1.15
16,17,1.95,1.71,159,143,153,149,154,156,159,158,160,0.473,0.114,0.0434,-0.0157,0.595,0.639,0.705,1.32,17,19,10,14,2,10,4,17.4,20.5,0.82,4.75,0.19,3.12,0.571,0.711,0.537,0.668,2.34,1.58,55.8,-4.94,36.4,60.7,11.5,65.6,11.5,37.2,17.4,4.89,10.9,17.4,0.468,1.56,3,3,3,3.68,22.54
16,17,1.8,1.49,166,150,162,157,165,164,162,164,164,-2.66,-0.214,-0.222,-0.284,0.998,0.973,1.06,1.78,17,22,12,9,2,8,3,11.9,23,0.489,-9.75,-0.207,4.15,0.648,0.814,0.625,0.786,2.26,1.19,61.5,-2.55,24.3,59.1,0,58.4,0,0,10.8,5.97,8.65,20.8,0.868,1.12,3,3,3,1.03,1.48
16,17,1.81,1.47,166,150,162,157,165,165,163,168,165,-2.83,-0.227,-0.23,-0.29,1.01,0.982,1.07,1.81,17,22,12,9,2,8,3,12.2,23,0.489,-9.5,-0.202,4.11,0.642,0.811,0.619,0.782,2.3,1.21,62.4,-2.64,24.3,59.1,0,58.4,0,25.1,11.1,5.4,8.28,19.4,0.868,1.12,3,3,3,0.839,1.28
20,22,1.96,1.61,162,145,156,153,157,158,162,162,166,0.777,0.149,0.0219,-0.0478,0.496,0.65,0.715,1.43,22,26,14,16,4,12,4,21.7,27,0.711,3.5,0.0921,3.22,0.522,0.67,0.497,0.638,2.95,2.04,80.8,-8,48.5,72.8,0,82.6,0,74.4,21.7,7.33,19.8,23.7,0.513,1.51,4,4,4,4.16,21.27
26,28,1.97,1.74,160,144,155,149,155,157,161,159,161,0.654,0.0947,-0.000744,-0.0604,0.592,0.675,0.741,1.36,28,32,17,18,6,13,8,22.1,33.5,0.761,5.5,0.125,3.67,0.584,0.748,0.554,0.709,2.61,1.58,77.4,-8.58,48.5,95.8,5.75,88.8,5.75,62.3,20.8,9.02,16.3,33.6,0.532,1.5,5,5,5,4.57,19.47
10,11,1.81,1.44,166,151,159,159,161,162,164,165,169,0.0939,0.028,-0.0679,-0.126,0.726,0.846,0.908,1.46,11,14,8,8,2,6,2,11,15,0.577,-0.875,-0.0337,3.6,0.637,0.798,0.612,0.766,2.05,1.14,43.6,-4.61,24.3,36.4,0,41.3,0,43.3,11,3.35,11.3,13.5,0.588,1.33,2,2,2,1.45,4.52
20,22,1.92,1.58,163,147,157,155,159,160,164,164,168,0.584,0.104,-0.0106,-0.0764,0.574,0.71,0.777,1.44,22,27,15,16,4,12,4,21.3,28.5,0.679,2.38,0.0565,3.5,0.558,0.712,0.532,0.68,2.77,1.8,79.2,-8.09,48.5,72.8,0,82.6,0,68.3,21.3,6.85,18,24.2,0.558,1.42,4,4,4,3.69,15.28
16,17,1.96,1.72,160,145,152,149,156,159,160,157,162,0.0342,0.0068,-0.0725,-0.116,0.68,0.73,0.788,1.18,17,20,11,13,3,9,5,14.2,22,0.815,5,0.185,3.6,0.655,0.77,0.614,0.722,1.9,1.26,53.6,-3.95,30.3,60.2,5.75,59.5,5.75,31.1,14.2,3.12,8.94,19,0.556,1.46,3,3,3,2.95,18.14
10,11,1.88,1.63,165,149,159,154,159,159,165,164,173,0.17,0.0573,-0.0455,-0.11,0.643,0.759,0.83,1.48,11,14,8,8,2,6,2,10.6,15,0.682,1.38,0.0625,3.48,0.659,0.748,0.624,0.707,1.8,1.33,42.1,-3.77,24.3,36.4,0,41.3,0,37.2,10.6,3.44,6.12,11.6,0.612,1.3,2,2,2,1.34,3.84
20,22,1.98,1.77,162,146,157,150,158,157,163,162,168,0.673,0.128,0.011,-0.0591,0.517,0.645,0.719,1.46,22,27,15,16,4,12,4,20.3,28.5,0.75,4.62,0.122,3.31,0.548,0.658,0.518,0.622,2.73,2.07,80.4,-6.17,48.5,72.8,0,82.6,0,62.3,20.3,8.11,11.9,23,0.566,1.4,4,4,4,3.66,22.52
15,16,1.99,1.77,161,145,157,149,156,156,161,163,176,0.395,0.143,0.05,-0.0198,0.498,0.595,0.67,1.5,16,18,9,8,2,9,2,15.2,17.5,0.833,3.75,0.179,3.35,0.648,0.801,0.603,0.746,1.82,1.03,41.5,-3.27,24.3,55.1,0,60,0,43.3,11,3.31,9.96,12.9,0.569,1.46,2,3,2,2.34,14.29
16,17,1.94,1.73,160,144,154,149,155,158,160,159,161,0.238,0.0465,-0.0171,-0.0626,0.628,0.664,0.719,1.32,17,20,11,10,4,7,6,11.6,21.5,0.768,3.75,0.134,3.79,0.678,0.837,0.638,0.788,1.8,0.912,44.8,-5.02,24.3,59.4,5.75,47.5,5.75,31.1,10.3,4.55,8.04,19.4,0.547,1.47,3,3,3,2.68,12.01
10,11,1.86,1.47,163,146,156,156,159,160,162,161,166,0.198,0.0453,-0.0279,-0.0713,0.619,0.7,0.741,1.43,11,14,8,8,2,6,2,10.5,15,0.6,0,0,3.46,0.616,0.785,0.59,0.752,2.16,1.21,44.9,-4.23,44,36.4,0,41.3,0,38.1,9.34,4.77,8.94,15.6,0.527,1.45,2,2,2,2.83,14.11
16,17,1.99,1.7,158,142,150,149,154,155,158,157,160,0.278,0.0566,-0.0188,-0.0638,0.611,0.657,0.711,1.2,17,21,12,15,3,10,4,16.7,22.5,0.804,5.25,0.188,3.21,0.577,0.724,0.541,0.678,2.35,1.53,63,-4.24,36.4,72.3,5.75,71.6,5.75,31.1,16.7,3.57,14.7,21.7,0.472,1.54,3,3,3,3.77,18.51
26,28,1.86,1.51,164,150,156,158,162,161,164,164,165,-0.768,-0.0922,-0.115,-0.147,0.785,0.787,0.838,1.38,28,33,18,15,3,11,7,18,35.5,0.74,3.5,0.0729,4.25,0.674,0.846,0.638,0.801,2.06,0.971,67.4,-7.02,24.3,78.1,0,71.8,0,31.1,15.2,2.9,12.2,30.4,0.678,1.35,5,5,5,2.68,6.06
10,11,1.91,1.67,165,150,157,154,158,159,164,167,178,0.0613,0.0211,-0.0962,-0.16,0.672,0.796,0.87,1.36,11,14,8,8,2,6,2,10.4,15,0.714,2.12,0.101,3.58,0.692,0.79,0.652,0.744,1.59,1.08,39.9,-2.98,24.3,36.4,0,41.3,0,31.1,10.4,2.73,6.12,11.6,0.631,1.27,2,2,2,1.08,3
20,22,1.91,1.57,160,144,154,154,157,158,160,161,163,0.35,0.0744,0.0228,-0.0217,0.671,0.723,0.766,1.33,22,24,12,16,4,13,3,24.6,24,0.686,2.5,0.0714,3.3,0.544,0.724,0.519,0.69,2.77,1.68,70.9,-6.35,60.7,78.9,5.75,83.8,5.75,99.6,24.2,7.68,18.4,27.5,0.393,1.64,4,4,4,4.9,24.95
19,21,1.96,1.65,159,144,152,151,154,158,160,157,161,0.256,0.0571,-0.024,-0.0754,0.67,0.73,0.79,1.23,21,23,11,13,4,10,4,17.6,22,0.759,3.5,0.121,3.6,0.635,0.813,0.598,0.766,2.07,1.06,54.1,-5.89,24.3,66.4,5.75,65.7,5.75,43.4,15.8,3.5,13.5,24.5,0.469,1.58,3,4,3,3.69,15.55
26,28,2.02,1.78,158,142,152,148,153,155,157,155,159,0.676,0.0855,-0.00353,-0.0595,0.578,0.635,0.703,1.28,28,33,18,21,5,15,7,22.8,35.5,0.826,8,0.186,3.34,0.542,0.669,0.51,0.629,2.81,2.03,92.3,-7.11,48.5,96.6,11.5,101,11.5,50.1,22.8,7.22,17.3,34.9,0.537,1.49,5,5,5,5.36,24.51
16,17,2,1.71,158,142,152,148,155,157,159,154,163,0.549,0.166,0.0513,-0.0145,0.498,0.606,0.669,1.26,17,19,10,13,3,10,4,17.8,20,0.833,5.25,0.219,3.08,0.567,0.745,0.532,0.699,2.35,1.38,54.4,-5.21,42,66.2,5.75,65.6,5.75,56.3,17.8,5.16,11,17.9,0.409,1.62,3,3,3,3.98,24.54
16,17,1.95,1.66,160,144,153,152,155,156,160,158,162,0.391,0.0901,0.0106,-0.0432,0.561,0.632,0.69,1.31,17,20,11,14,2,10,4,16.8,22,0.815,5,0.185,3.36,0.606,0.764,0.569,0.719,2.19,1.31,55.8,-5.18,24.3,60.7,5.75,65.6,5.75,37.2,16.8,4.58,11,18.9,0.5,1.52,3,3,3,3.63,16.35
15,16,1.89,1.6,163,147,159,153,159,161,164,161,168,0.374,0.119,0.04,-0.0236,0.582,0.681,0.747,1.56,16,18,9,9,2,8,3,14.5,17.5,0.7,1.25,0.05,3.5,0.631,0.793,0.598,0.752,2.05,1.15,44.1,-4.63,24.3,54.6,0,53.8,0,54.9,11.1,4.99,10.4,14.7,0.554,1.47,2,3,2,2.16,3.27
26,28,1.99,1.74,159,143,152,149,154,156,158,155,158,0.452,0.0517,-0.0296,-0.08,0.634,0.68,0.744,1.28,28,33,18,21,5,15,7,22.6,35.5,0.789,6.75,0.15,3.52,0.565,0.695,0.533,0.656,2.71,1.9,89.9,-6.54,54.6,96.6,11.5,101,11.5,50.1,22.6,7.22,17.3,36.5,0.552,1.48,5,5,5,4.78,21.73
16,17,1.94,1.61,161,146,154,153,157,158,160,159,165,-0.0311,-0.00585,-0.0636,-0.101,0.649,0.697,0.745,1.3,17,21,12,13,3,10,4,16.3,23,0.767,4.25,0.142,3.61,0.636,0.783,0.599,0.738,2.06,1.23,58.4,-4.84,24.3,66.2,0,65.6,0,31.1,16.3,3.41,11.9,21.4,0.565,1.44,3,3,3,2.52,8.38
16,17,1.93,1.73,159,143,153,148,154,156,160,158,160,0.156,0.0276,-0.022,-0.0655,0.673,0.684,0.74,1.29,17,20,11,13,3,9,5,14.1,22,0.786,4.25,0.152,3.5,0.631,0.775,0.593,0.729,2.05,1.25,54.6,-4.43,24.3,60.2,11.5,59.5,11.5,31.1,14.1,4.39,8.86,19.7,0.541,1.47,3,3,3,3.38,16.38
26,28,2.03,1.74,159,143,153,150,155,157,159,157,162,0.564,0.071,-0.0138,-0.066,0.571,0.64,0.709,1.3,28,33,18,21,5,15,7,24.4,35.5,0.772,6.5,0.141,3.65,0.58,0.73,0.549,0.691,2.64,1.7,87.1,-8.4,66.2,102,5.75,101,5.75,56.2,22.8,6.85,17.7,35.7,0.539,1.49,5,5,5,5.52,23.57
19,21,1.9,1.76,163,148,161,150,161,158,162,163,165,0.184,0.0377,0.0177,-0.0341,0.58,0.601,0.667,1.68,21,25,11,9,2,7,2,11.5,21.5,0.741,1.25,0.0431,3.58,0.641,0.752,0.601,0.705,2,1.39,50.7,-3.36,24.3,63.6,0,57.2,0,31.1,10.4,4.61,6.83,15.1,0.685,1.34,3,4,3,0.89,15.42
16,17,2,1.7,159,144,152,150,156,158,160,159,162,0.124,0.029,-0.049,-0.0919,0.617,0.682,0.733,1.24,17,20,11,13,3,10,4,16.3,21.5,0.827,5.5,0.212,3.35,0.614,0.752,0.575,0.704,2.11,1.35,56.7,-4.48,30.3,66.2,0,65.6,0,37.2,16.3,3.31,10.9,19.4,0.509,1.51,3,3,3,3.4,11.76
16,17,1.87,1.51,162,146,155,155,159,160,162,160,164,-0.0628,-0.0088,-0.0406,-0.0726,0.669,0.689,0.729,1.36,17,22,13,13,3,11,3,18.7,24,0.649,1,0.027,3.72,0.615,0.78,0.587,0.743,2.33,1.33,64.9,-5.16,54.6,72.3,0,71.6,0,25.1,15.9,4.81,13.8,25.4,0.557,1.44,3,3,3,1.93,13.72
16,17,2,1.72,158,142,151,149,154,156,160,155,160,0.241,0.05,-0.0252,-0.0708,0.615,0.657,0.713,1.22,17,20,11,13,3,10,4,15.9,21.5,0.827,5.25,0.202,3.32,0.611,0.731,0.571,0.683,2.11,1.46,56.3,-4.17,36.4,66.2,5.75,65.6,5.75,31.1,15.9,3.28,10.9,19.2,0.509,1.51,3,3,3,3.37,15.62
10,11,1.86,1.43,163,146,156,157,160,160,163,163,167,0.198,0.0453,-0.0279,-0.0713,0.619,0.7,0.741,1.43,11,14,8,8,2,6,2,10.9,15,0.6,0,0,3.46,0.616,0.795,0.59,0.762,2.16,1.15,44.9,-4.6,30.7,36.4,0,41.3,0,43.3,10.9,3.46,13.1,14.3,0.525,1.46,2,2,2,2.83,10.21
26,28,1.98,1.7,160,145,153,151,156,157,161,158,163,1.22,0.134,0.0496,0.0156,0.502,0.566,0.613,1.28,28,34,19,21,5,15,7,22.8,37,0.771,6.5,0.135,3.71,0.588,0.738,0.556,0.698,2.61,1.65,87.6,-7.78,54.6,107,5.75,101,5.75,50.1,21,6.85,17.7,35.7,0.594,1.43,5,5,5,4.78,22.61
26,28,2.02,1.74,159,144,152,150,154,157,160,156,162,1.45,0.173,0.0805,0.0437,0.429,0.508,0.555,1.25,28,34,19,21,6,14,8,22.2,37,0.787,6.75,0.144,3.65,0.582,0.737,0.548,0.693,2.62,1.65,86.5,-8.62,54.6,106,5.75,94.7,5.75,50.1,20.9,6.61,15.6,36.5,0.573,1.47,5,5,5,4.89,22.61
10,11,1.89,1.62,163,146,156,153,160,161,159,160,168,0.142,0.0334,-0.0403,-0.0848,0.625,0.695,0.743,1.42,11,14,8,8,2,6,2,10.3,15,0.652,1,0.0435,3.52,0.648,0.766,0.617,0.729,1.91,1.27,42.6,-3.42,24.3,36.4,0,41.3,0,31.1,10.3,4.52,6.12,11.2,0.568,1.4,2,2,2,2.05,8.91
10,11,2.06,1.59,165,147,155,156,162,164,166,163,167,-2.07,-0.252,-0.325,-0.375,1.02,1.06,1.14,1.45,11,15,9,8,2,6,2,9.91,16.5,0.55,-2.25,-0.075,3.8,0.66,0.784,0.633,0.752,1.96,1.24,55,-1.52,24.3,36.4,0,41.3,0,25.1,9.91,3.23,9.63,12.3,0.859,1.1,2,2,2,0.966,1.59
32,34,2.33,2.11,155,141,150,148,152,152,155,153,156,0.548,0.0658,-0.0146,-0.0543,0.613,0.661,0.72,1.11,34,39,21,27,5,16,12,27.7,43.5,0.777,8.75,0.156,3.81,0.588,0.74,0.556,0.7,2.67,1.68,135,-12.7,48.5,117,17.2,107,17.2,114,26.2,6.27,16.4,42.8,0.575,1.45,6,6,6,9.08,27.74
16,17,1.84,1.51,163,146,156,156,158,159,161,162,163,0.124,0.0217,-0.0208,-0.0598,0.703,0.749,0.789,1.39,17,20,11,13,3,10,4,17.6,21.5,0.614,0,0,3.69,0.607,0.801,0.582,0.769,2.4,1.21,57.9,-5.11,36.4,66.2,5.75,65.6,5.75,37.2,17.3,7.24,14.3,24.3,0.49,1.51,3,3,3,2.77,11.91
16,17,1.81,1.5,163,145,157,155,158,160,160,162,163,0.33,0.0593,0.0301,-0.0121,0.721,0.747,0.789,1.48,17,19,10,13,3,10,4,18.5,20,0.571,-1.5,-0.0429,3.44,0.559,0.792,0.539,0.764,2.71,1.28,59.9,-6.05,36.4,66.2,5.75,65.6,5.75,67.5,18.2,9.05,16.2,23.3,0.446,1.56,3,3,3,3.93,22.09
16,17,1.84,1.52,162,145,155,154,160,159,162,158,162,0.169,0.0309,-0.0348,-0.0778,0.744,0.798,0.844,1.33,17,19,10,12,4,9,5,15.2,20,0.606,-0.25,-0.00758,3.56,0.591,0.772,0.568,0.742,2.47,1.37,57.4,-5.83,30.3,65.7,5.75,59.5,5.75,51.9,15.2,6.92,11.7,23.2,0.463,1.53,3,3,3,3.59,8.27
16,17,1.88,1.55,161,144,155,153,160,159,161,153,164,0.498,0.107,0.0427,-0.0107,0.635,0.698,0.751,1.35,17,19,10,12,4,9,5,16.4,20,0.625,-0.25,-0.00781,3.43,0.577,0.763,0.551,0.73,2.52,1.41,56.7,-6.6,30.3,65.7,5.75,59.5,5.75,55.4,16.4,7.03,11.8,23.4,0.434,1.6,4,3,3,4.63,8.42
16,17,1.83,1.36,163,146,155,159,161,161,163,163,164,-0.0697,-0.00889,-0.0389,-0.0682,0.687,0.725,0.755,1.4,17,22,13,13,3,11,3,20.1,24,0.533,-4,-0.0889,3.6,0.558,0.752,0.538,0.725,2.84,1.6,76.5,-6.15,61,72.3,0,71.6,0,67.5,17.2,3.96,27.5,35,0.504,1.51,3,3,3,3.47,7.68
16,17,1.94,1.57,161,144,153,153,157,159,161,160,164,0.26,0.0717,-0.0226,-0.0733,0.637,0.738,0.786,1.28,17,19,10,13,3,11,3,19.9,19.5,0.722,3.25,0.12,3.32,0.585,0.738,0.555,0.7,2.36,1.49,57.8,-4.86,54.6,72.3,0,71.6,0,55.4,19.2,5.14,11.7,19,0.426,1.59,3,3,3,3.31,15.13
16,17,1.92,1.63,161,144,155,152,157,160,159,160,165,0.349,0.0951,0.0126,-0.0389,0.619,0.713,0.76,1.37,17,19,10,13,3,11,3,20,19.5,0.696,2.5,0.0893,3.2,0.555,0.714,0.529,0.68,2.56,1.65,60.2,-4.52,54.6,72.3,0,71.6,0,61.5,19.4,7.1,11.7,19,0.414,1.59,3,3,3,3.65,19.38
16,17,1.97,1.69,158,143,151,149,154,156,160,157,162,0.022,0.00389,-0.0632,-0.101,0.697,0.725,0.777,1.19,17,21,12,15,3,9,5,14.2,23,0.793,5,0.172,3.37,0.603,0.753,0.566,0.706,2.22,1.38,62,-3.8,30.3,66.2,11.5,65.6,11.5,31.1,14.2,3.34,11.9,22.1,0.517,1.49,3,3,3,3.48,24.64
16,17,1.97,1.7,160,145,152,150,156,159,161,158,162,-0.134,-0.0266,-0.0945,-0.13,0.712,0.752,0.801,1.22,17,20,11,13,3,9,5,14.1,22,0.815,5.25,0.194,3.55,0.647,0.77,0.606,0.722,1.94,1.26,54.8,-4.05,30.3,60.2,5.75,59.5,5.75,31.1,14.1,3.12,8.94,19,0.556,1.46,3,3,3,3.11,12.22
10,11,1.99,1.56,162,145,155,155,159,160,162,161,166,0.27,0.0528,-0.0345,-0.0833,0.581,0.659,0.712,1.38,11,15,9,8,2,6,2,10.2,16.5,0.635,0.75,0.0288,3.7,0.663,0.829,0.632,0.791,1.88,0.954,43.9,-3.81,24.3,36.4,0,41.3,0,31.1,8.87,4.17,7.56,14.8,0.649,1.33,2,2,2,1.41,3.72
10,11,1.97,1.54,162,145,155,154,159,159,163,162,164,0.438,0.0856,-0.0134,-0.0701,0.549,0.638,0.699,1.35,11,15,9,8,2,6,2,10,16.5,0.635,0.5,0.0192,3.66,0.656,0.822,0.625,0.783,1.92,0.995,44.1,-3.72,24.3,36.4,0,41.3,0,25.1,8.89,3.99,7.13,14.4,0.65,1.32,2,2,2,1.23,4.2
20,22,1.97,1.68,161,145,155,152,157,158,161,161,166,0.43,0.0642,-0.0295,-0.085,0.581,0.671,0.734,1.4,22,27,15,16,4,12,4,20,28.5,0.731,4,0.103,3.49,0.571,0.699,0.542,0.663,2.62,1.84,78.9,-6.19,48.5,72.8,0,82.6,0,50.1,18.2,6.49,13.4,26,0.589,1.43,4,4,4,2.84,15.65
16,17,1.98,1.63,160,143,153,152,156,158,160,159,162,0.433,0.159,0.0299,-0.0344,0.492,0.655,0.708,1.28,17,19,10,13,3,11,3,20.7,19.5,0.78,4.5,0.18,3.1,0.558,0.709,0.527,0.67,2.45,1.62,57.5,-5.41,54.6,72.3,0,71.6,0,80.5,20.4,5.47,12.5,17.8,0.39,1.63,3,3,3,3.95,18.63
15,16,1.95,1.73,161,146,156,151,157,158,161,160,168,0.114,0.026,-0.0272,-0.0737,0.626,0.662,0.72,1.46,16,19,10,9,2,8,3,12.9,19,0.76,2.75,0.11,3.74,0.693,0.828,0.649,0.776,1.65,0.929,42.4,-3.16,24.3,54.6,0,53.8,0,31.1,10.5,3.27,9.39,16.8,0.617,1.4,2,3,2,1.97,11.12
16,17,2,1.71,158,142,152,148,155,157,158,157,160,0.549,0.166,0.0513,-0.0145,0.498,0.606,0.669,1.26,17,19,10,13,3,10,4,17.8,20,0.833,5.25,0.219,3.08,0.567,0.733,0.532,0.688,2.35,1.45,54.4,-5.21,36.4,66.2,5.75,65.6,5.75,50.2,17.8,5.19,10.9,17.7,0.408,1.62,3,3,3,3.98,24.44
16,17,2,1.72,158,142,152,148,155,156,160,154,160,0.549,0.166,0.0513,-0.0145,0.498,0.606,0.669,1.26,17,19,10,13,3,10,4,17.9,20,0.833,5.25,0.219,3.08,0.567,0.719,0.532,0.675,2.35,1.52,54.4,-5.21,42.5,66.2,5.75,65.6,5.75,56.3,17.9,5.22,10.9,17.4,0.408,1.62,3,3,3,3.98,24.6
10,11,1.84,1.44,164,147,158,158,160,161,163,163,168,0.311,0.0823,0.00189,-0.0498,0.566,0.682,0.727,1.51,11,14,8,8,2,6,2,11,15,0.6,-0.25,-0.01,3.39,0.601,0.788,0.577,0.756,2.25,1.2,44.5,-5.21,24.3,36.4,0,41.3,0,43.3,11,4.6,11.3,13.5,0.535,1.45,2,2,2,2.1,7.25
16,17,1.88,1.74,160,144,155,148,153,157,158,161,162,0.0633,0.00977,-0.0204,-0.0625,0.717,0.704,0.762,1.35,17,20,11,13,3,8,6,12.6,22.5,0.75,3.25,0.108,3.54,0.625,0.768,0.591,0.726,2.13,1.31,55.6,-4.68,24.3,54.1,17.2,53.4,17.2,31.1,12.6,5.22,7.15,18.7,0.569,1.44,3,3,3,3.39,18.1
19,21,1.93,1.77,163,148,160,151,160,157,164,161,168,0.213,0.0616,0.00999,-0.054,0.629,0.673,0.753,1.58,21,23,11,9,2,8,3,13.7,22,0.815,3.25,0.12,3.64,0.662,0.798,0.618,0.745,1.86,1.11,48.1,-4.84,24.3,49.1,0,53.9,0,43.3,10.9,4.48,6.79,15.4,0.669,1.38,3,4,3,2.4,12.22
19,21,1.93,1.78,163,148,160,152,158,159,162,163,168,0.213,0.0616,0.00999,-0.054,0.629,0.673,0.753,1.58,21,23,11,9,2,8,3,13.5,22,0.815,3.25,0.12,3.64,0.662,0.789,0.618,0.737,1.86,1.16,48.1,-4.73,24.3,49.1,0,53.9,0,43.3,10.9,4.08,7.27,16.1,0.671,1.38,3,4,3,2.32,12.74
10,11,2,1.67,162,145,155,152,157,159,161,161,165,0.12,0.0281,-0.0409,-0.0846,0.632,0.695,0.744,1.32,11,14,8,8,2,6,2,10.4,15,0.625,0.5,0.0208,3.64,0.667,0.809,0.636,0.772,1.82,1.04,43.1,-3.53,24.3,36.4,0,41.3,0,31.1,9.24,3.84,6.51,13.6,0.626,1.35,2,2,2,2,9.37
16,17,1.91,1.65,164,150,157,156,158,159,163,162,168,-0.0749,-0.019,-0.0899,-0.143,0.675,0.748,0.816,1.41,17,20,10,9,2,7,4,11.5,20.5,0.82,4,0.16,3.75,0.696,0.809,0.652,0.758,1.64,1.03,44.6,-4.38,24.3,52.8,0,52.2,0,31.1,11.5,2.88,6.51,14.2,0.693,1.32,3,3,3,1.37,8.95
10,11,1.86,1.7,163,146,158,151,159,163,159,159,169,0.241,0.0558,-0.00618,-0.0521,0.606,0.67,0.716,1.53,11,14,8,8,2,6,2,10.5,15,0.625,0.25,0.0104,3.34,0.605,0.734,0.578,0.701,2.18,1.47,45,-3.08,24.3,36.4,0,41.3,0,31.1,10.5,5.62,6.12,11.2,0.548,1.41,2,2,2,2.39,13.65
26,28,1.98,1.72,160,143,154,149,156,157,159,158,163,0.782,0.116,0.0191,-0.042,0.568,0.656,0.72,1.37,28,32,17,21,5,16,6,27.1,33.5,0.761,5.75,0.131,3.31,0.525,0.685,0.498,0.65,3,1.99,92.3,-7.43,60.7,103,5.75,107,5.75,68.3,27.1,9.8,20.6,33.5,0.487,1.54,5,5,5,5.25,25.39
16,17,1.96,1.62,159,143,151,151,155,157,160,157,162,0.304,0.061,-0.0127,-0.0576,0.608,0.658,0.708,1.24,17,20,11,13,3,10,4,17,21.5,0.768,4.25,0.152,3.42,0.609,0.772,0.574,0.728,2.2,1.28,56.2,-4.96,36.4,66.2,5.75,65.6,5.75,37.2,17,3.55,14.6,21.4,0.472,1.54,3,3,3,3.69,18.04
10,11,1.96,1.53,163,146,155,156,159,160,162,161,165,0.237,0.0369,-0.0773,-0.133,0.613,0.697,0.766,1.45,11,16,10,8,2,6,2,9.73,18,0.667,1.25,0.0463,3.79,0.682,0.835,0.646,0.792,1.77,0.915,48.7,-2.74,24.3,36.4,0,41.3,0,29.8,8.02,3,7.56,14.8,0.753,1.21,2,2,2,0.915,1.64
16,17,1.98,1.65,160,144,152,151,156,158,161,159,162,0.154,0.0354,-0.0414,-0.084,0.614,0.682,0.73,1.25,17,20,11,13,3,11,3,18.6,21,0.778,4.5,0.167,3.39,0.61,0.735,0.574,0.691,2.17,1.47,57.6,-4.37,54.6,72.3,0,71.6,0,31.1,17.2,3.33,12.5,19.8,0.49,1.53,3,3,3,3.01,11.69
20,22,1.95,1.58,162,145,156,154,158,159,162,161,167,0.798,0.152,0.0248,-0.0441,0.497,0.655,0.716,1.43,22,26,14,16,4,12,4,21.9,27,0.692,3,0.0769,3.2,0.514,0.67,0.491,0.639,3.03,2.06,82,-8.39,55,72.8,0,82.6,0,86.5,21.9,7.49,21.8,23.9,0.5,1.52,4,4,4,4.55,22.39
19,21,1.92,1.64,161,146,154,152,156,159,160,160,165,0.00555,0.001,-0.0434,-0.0832,0.704,0.733,0.784,1.3,21,24,12,13,4,10,4,17.5,23.5,0.712,2.5,0.0758,3.83,0.654,0.827,0.619,0.783,2.03,1.01,54.7,-5.86,24.3,66.4,5.75,65.7,5.75,37.2,14.5,4.65,10.8,25.7,0.521,1.51,3,4,3,3.37,9.79
20,22,1.96,1.64,162,145,155,153,157,159,162,160,167,0.463,0.0685,-0.0248,-0.0799,0.579,0.672,0.732,1.41,22,27,15,16,4,12,4,20.3,28.5,0.712,3.5,0.0875,3.51,0.569,0.71,0.541,0.675,2.66,1.79,78.9,-6.58,48.5,72.8,0,82.6,0,56.2,18.8,6.71,15.1,26.8,0.574,1.44,4,4,4,3.23,15.8
16,17,1.98,1.73,159,143,152,148,155,154,162,155,159,0.275,0.0559,-0.0185,-0.0637,0.611,0.657,0.71,1.23,17,20,11,12,4,9,5,14.8,21.5,0.796,4.75,0.176,3.47,0.629,0.766,0.59,0.719,2.05,1.29,53.4,-4.7,36.4,65.7,5.75,59.5,5.75,31.1,14.8,4.74,8.73,19.2,0.49,1.52,3,3,3,3.68,16.8
10,11,1.86,1.64,163,146,157,153,158,160,162,161,168,-0.117,-0.0204,-0.0638,-0.0987,0.688,0.707,0.754,1.49,11,15,9,8,2,6,2,9.91,16.5,0.635,0.25,0.00962,3.55,0.643,0.772,0.611,0.734,1.97,1.26,47.8,-2.06,24.3,36.4,0,41.3,0,25.1,8.21,4.28,6.51,14.6,0.64,1.33,2,2,2,1.45,7.53
16,17,1.97,1.71,159,144,153,149,157,157,161,157,165,0.159,0.0322,-0.0328,-0.0793,0.64,0.668,0.729,1.31,17,20,11,10,3,9,4,13.8,21.5,0.827,4.75,0.183,3.56,0.661,0.79,0.616,0.737,1.83,1.13,50.2,-3.95,24.3,60.3,5.88,59.6,5.88,31.1,12.8,3.15,8.86,17.4,0.587,1.43,3,3,3,2.77,12.21
16,17,1.97,1.71,159,144,153,150,157,155,161,158,163,0.159,0.0322,-0.0328,-0.0793,0.64,0.668,0.729,1.31,17,20,11,10,3,9,4,13.5,21.5,0.827,4.75,0.183,3.56,0.661,0.79,0.616,0.737,1.83,1.13,50.2,-3.95,24.3,60.3,5.88,59.6,5.88,25.1,12.4,3.08,8.46,17.5,0.588,1.43,3,3,3,2.55,15.32
32,34,2.02,1.72,157,142,150,149,153,155,158,154,159,0.693,0.0762,0.00354,-0.0476,0.601,0.641,0.703,1.22,34,39,21,27,6,18,10,29,42,0.808,8.5,0.163,3.47,0.54,0.705,0.509,0.665,2.96,1.89,104,-9.28,60.7,120,23,119,23,62.3,29,7.24,22.4,46.3,0.487,1.57,7,6,6,7.07,15.29
20,22,1.89,1.6,163,148,157,155,159,160,164,164,169,0.689,0.0868,-0.00157,-0.0504,0.607,0.685,0.746,1.37,22,28,16,16,4,12,4,19.9,30,0.667,1.38,0.0306,3.8,0.605,0.754,0.576,0.718,2.48,1.55,75.9,-6.29,48.5,72.8,0,82.6,0,50.1,18.5,5.91,12.6,24.7,0.643,1.33,4,4,4,2.51,11.37
20,22,1.9,1.61,163,148,157,155,159,160,164,164,169,0.521,0.0656,-0.0148,-0.0587,0.628,0.698,0.754,1.4,22,28,16,16,4,12,4,20,30,0.667,1.62,0.0361,3.82,0.608,0.745,0.579,0.71,2.47,1.6,77.4,-6.38,48.5,72.8,0,82.6,0,50.1,18.4,6.09,13.1,25.5,0.642,1.33,4,4,4,2.68,11.59
10,11,2.02,1.64,161,144,155,153,156,157,161,161,170,0.351,0.134,0.0209,-0.0414,0.517,0.656,0.713,1.38,11,13,7,8,2,6,2,11,13.5,0.675,1.5,0.075,3.4,0.648,0.794,0.615,0.755,1.85,1.08,41.6,-4.16,24.3,36.4,0,41.3,0,43.3,11,3.09,8.1,12.1,0.57,1.42,2,2,2,2.11,15.08
16,17,2.03,1.68,159,143,152,151,156,157,160,158,163,0.4,0.151,0.0208,-0.046,0.487,0.637,0.7,1.27,17,19,10,14,2,11,3,19.9,20,0.87,6,0.261,2.93,0.546,0.676,0.511,0.632,2.43,1.74,57.5,-4.99,42.5,66.7,0,71.6,0,49.3,19.9,3.48,13.4,16.1,0.426,1.61,3,3,3,3.71,17.32
10,11,1.86,1.37,164,148,155,160,161,162,164,163,166,-0.0999,-0.0139,-0.0453,-0.0781,0.678,0.729,0.763,1.4,11,16,10,8,2,6,2,10.3,18,0.439,-8,-0.195,3.74,0.591,0.809,0.572,0.782,2.58,1.21,61.6,-6.4,30.7,36.4,0,41.3,0,42.9,9.34,3.43,16.9,25.7,0.606,1.41,2,2,2,2.65,6.72
10,11,1.84,1.52,165,150,157,157,161,162,166,165,168,-0.509,-0.085,-0.133,-0.167,0.774,0.797,0.848,1.41,11,16,10,8,2,6,2,9.81,18,0.621,-0.125,-0.00431,4.01,0.718,0.832,0.682,0.79,1.57,0.938,45.4,-2.51,24.3,36.4,0,41.3,0,29.8,8.14,2.79,6.02,14.2,0.707,1.21,2,2,2,0.636,2.81
16,17,1.86,1.47,161,145,151,154,160,160,160,158,159,-0.797,-0.0808,-0.115,-0.138,0.827,0.812,0.853,1.2,17,22,13,15,3,9,5,13.6,24.5,0.598,-1.5,-0.0366,3.81,0.622,0.795,0.593,0.759,2.32,1.25,69.6,-2.54,30.3,66.2,11.5,65.6,11.5,25.1,13.6,3.43,13.7,29.2,0.587,1.42,4,3,3,1.64,19.45
16,17,1.86,1.48,161,145,151,154,160,160,160,159,160,-0.797,-0.0808,-0.115,-0.138,0.827,0.812,0.853,1.2,17,22,13,15,3,9,5,13.3,24.5,0.598,-1.5,-0.0366,3.81,0.622,0.791,0.593,0.754,2.32,1.28,69.6,-2.54,30.3,66.2,11.5,65.6,11.5,0,13.3,3.24,12.7,29.1,0.588,1.42,4,3,3,1.99,21.24
19,21,1.91,1.67,164,149,160,154,161,158,165,162,166,0.0343,0.00812,-0.0316,-0.0874,0.649,0.685,0.759,1.57,21,24,11,9,2,7,3,11.9,22,0.786,2.5,0.0893,3.82,0.691,0.803,0.646,0.751,1.71,1.09,46.3,-4.78,24.3,53.1,0,52.4,0,31.1,10.6,3.71,5.83,13.9,0.709,1.33,3,4,3,1.68,9.57
19,21,2.04,1.8,158,143,151,148,154,155,159,156,161,0.201,0.0461,-0.0209,-0.0647,0.591,0.642,0.695,1.26,21,24,12,13,4,11,3,18.4,23,0.821,5.25,0.188,3.33,0.603,0.737,0.562,0.687,2.19,1.45,59.5,-4.32,42.5,72.4,0,71.8,0,37.2,17.2,3.52,13.1,23.7,0.483,1.56,3,4,3,3.8,19.27
10,11,1.77,1.45,166,150,161,158,163,162,165,164,167,-0.0211,-0.00416,-0.0486,-0.093,0.73,0.784,0.834,1.6,11,15,9,8,2,6,2,10.4,16.5,0.55,-2.5,-0.0833,3.69,0.628,0.802,0.604,0.772,2.19,1.17,47.2,-4.75,24.3,36.4,0,46.3,0,31.1,9.16,4.95,8.94,16.6,0.631,1.35,2,2,2,1.21,3.05
20,22,1.9,1.5,164,148,156,158,160,160,162,161,164,-1.01,-0.064,-0.0958,-0.123,0.728,0.743,0.784,1.39,22,34,22,16,4,12,4,18.9,39,0.542,-6.5,-0.0903,3.98,0.571,0.735,0.55,0.709,3,1.85,110,-6.69,70.1,72.8,0,82.6,0,0,12.3,6.28,18.7,0,0.726,1.26,4,4,4,0.601,8.07
10,11,1.95,1.68,162,147,156,151,156,158,166,169,183,0.504,0.154,0.0289,-0.0086,0.544,0.652,0.701,1.28,11,13,7,8,2,6,2,10.4,13.5,0.75,2.5,0.139,3.36,0.672,0.769,0.631,0.722,1.64,1.16,39.9,-2.68,29.2,36.4,0,41.3,0,31.1,10.4,2.73,6.12,11.1,0.623,1.37,2,2,2,1.57,12.02
10,11,1.87,1.47,163,146,156,156,159,160,163,162,167,0.172,0.0398,-0.0336,-0.0776,0.622,0.697,0.741,1.42,11,14,8,8,2,6,2,10.8,15,0.625,0.5,0.0208,3.52,0.637,0.807,0.608,0.771,2.01,1.07,43,-4.21,24.3,36.4,0,41.3,0,37.2,10.8,3.35,11.3,14.1,0.547,1.44,2,2,2,2.44,8.68
10,11,1.86,1.52,164,148,156,156,159,161,163,162,167,-0.123,-0.0236,-0.0869,-0.124,0.674,0.731,0.777,1.37,11,15,9,8,2,6,2,10.1,16.5,0.635,0.5,0.0192,3.81,0.687,0.835,0.654,0.795,1.74,0.915,43.3,-3.01,24.3,36.4,0,41.3,0,25.1,8.62,3,7.56,16.1,0.637,1.34,2,2,2,0.903,3.32
15,16,1.87,1.54,164,148,157,156,159,161,163,162,167,0.071,0.0179,-0.0492,-0.101,0.717,0.779,0.84,1.45,16,18,9,9,2,8,3,14,17.5,0.673,0.75,0.0288,3.8,0.681,0.847,0.646,0.804,1.78,0.855,42.1,-4.53,24.3,54.6,0,53.8,0,37.2,10.1,3.25,9.88,17.2,0.596,1.42,2,3,2,1.51,1.44
10,11,1.84,1.47,165,149,158,158,161,162,165,165,169,-0.0859,-0.0184,-0.0813,-0.125,0.712,0.771,0.824,1.45,11,15,9,8,2,6,2,10.4,16.5,0.611,-0.125,-0.00463,3.88,0.694,0.84,0.662,0.8,1.71,0.896,41.9,-3.93,24.3,36.4,0,41.3,0,31.1,10.4,3.02,8.38,14.3,0.632,1.29,2,2,2,1.57,3.65
10,11,1.9,1.52,164,148,157,157,160,160,164,163,165,0.204,0.0524,-0.0146,-0.0675,0.583,0.663,0.721,1.48,11,15,9,8,2,6,2,10.5,16.5,0.635,-0.125,-0.00481,3.71,0.676,0.826,0.639,0.781,1.78,0.956,42.1,-3.63,24.3,36.4,0,41.3,0,31.1,10.5,3.05,8.54,15.2,0.601,1.35,2,2,2,1.74,11
16,17,2.23,1.98,158,144,151,150,155,157,158,158,161,-0.0844,-0.0165,-0.0875,-0.112,0.708,0.748,0.792,1.09,17,20,11,13,3,8,6,13.6,22.5,0.726,3.75,0.121,3.9,0.687,0.822,0.65,0.777,1.78,1.01,68.7,-6.22,24.3,61.2,5.75,53.4,5.75,76.3,12.2,3.08,8.42,21.6,0.596,1.4,3,3,3,3.79,11.82
26,28,2.19,1.95,157,142,152,149,154,154,158,154,159,0.599,0.0808,-0.0142,-0.0628,0.575,0.648,0.71,1.2,28,33,18,21,5,14,8,23.8,36,0.766,6.75,0.144,3.73,0.594,0.737,0.562,0.697,2.55,1.65,96.8,-9.49,48.5,97.6,5.75,94.7,5.75,107,22.3,6.46,15.2,35.4,0.566,1.46,5,5,5,6.08,24.18
10,11,1.86,1.51,163,146,156,155,160,160,164,159,164,0.198,0.0453,-0.0279,-0.0713,0.619,0.7,0.741,1.43,11,14,8,8,2,6,2,10.6,15,0.6,0,0,3.51,0.626,0.787,0.6,0.755,2.1,1.19,43.4,-3.85,38.1,36.4,0,41.3,0,37.2,9.95,4.96,6.51,14.6,0.526,1.45,2,2,2,2.68,10.78
10,11,1.94,1.51,162,144,154,155,160,159,161,157,164,0.386,0.108,0.0168,-0.0356,0.486,0.606,0.648,1.37,11,14,8,9,2,6,2,10.9,15,0.625,0.25,0.0104,3.4,0.616,0.796,0.586,0.757,2.12,1.13,43.2,-4.42,31.2,36.4,0,41.3,0,50.2,10.6,4.42,7.38,16.8,0.481,1.53,2,2,2,2.55,20.77
10,11,1.89,1.54,163,146,156,154,161,158,163,160,167,0.142,0.0334,-0.0403,-0.0848,0.625,0.695,0.743,1.42,11,14,8,8,2,6,2,10.5,15,0.652,1,0.0435,3.56,0.657,0.804,0.625,0.765,1.86,1.06,41.7,-3.44,31.2,36.4,0,41.3,0,31.1,10.5,4.03,6.83,13.3,0.57,1.41,2,2,2,1.9,8.67
10,11,1.95,1.66,161,145,155,150,160,156,162,160,168,0.345,0.101,0.00701,-0.0475,0.497,0.606,0.658,1.39,11,15,9,8,3,6,2,10.7,16,0.727,2.75,0.125,3.47,0.652,0.807,0.615,0.761,1.85,1.03,41.5,-4.03,30.8,48.6,0,53.4,0,37.2,10.7,4.54,7.65,13.7,0.519,1.47,2,2,2,1.94,16.29
19,21,1.93,1.63,161,145,154,152,156,159,161,161,166,0.307,0.0785,0.0119,-0.0419,0.652,0.721,0.779,1.32,21,23,11,13,4,10,4,18.8,22,0.733,3,0.1,3.55,0.614,0.809,0.581,0.765,2.23,1.11,54.5,-6.89,24.3,66.4,5.75,65.7,5.75,67.7,16.9,5.05,13.3,23.2,0.458,1.59,3,4,3,3.92,16.52
20,22,2.18,1.8,160,144,153,151,155,156,159,159,165,0.19,0.0225,-0.0528,-0.0969,0.635,0.696,0.75,1.24,22,28,16,16,4,12,4,20.1,30,0.652,1,0.0217,3.68,0.583,0.702,0.556,0.669,2.64,1.88,90.3,-6.22,0,72.8,0,82.6,0,50.1,17.2,6.09,13,27.4,0.661,1.34,4,4,4,2.45,15.09
10,11,1.83,1.57,164,147,159,155,157,160,162,162,171,0.0716,0.0166,-0.0453,-0.0913,0.731,0.781,0.832,1.54,11,13,7,8,2,6,2,10.7,13.5,0.587,-0.75,-0.0326,3.31,0.602,0.753,0.577,0.722,2.18,1.36,45.1,-2.97,24.3,36.4,0,41.3,0,37.2,10.7,3.5,11.8,13.4,0.581,1.41,2,2,2,0.881,5.49
16,17,2.14,1.87,157,141,151,149,154,155,158,155,162,0.429,0.103,0.0225,-0.0319,0.507,0.566,0.656,1.25,17,19,10,14,2,9,5,14.9,21,0.84,5.25,0.21,3.26,0.612,0.756,0.571,0.705,2.06,1.3,58.1,-6.16,47.5,64.6,5.75,59.5,5.75,37.2,14.9,3.15,8.86,18.3,0.533,1.48,3,3,3,4.98,26.3
16,17,1.98,1.73,159,143,152,148,155,155,162,154,161,0.275,0.0559,-0.0185,-0.0637,0.611,0.657,0.71,1.23,17,20,11,12,4,9,5,14.5,21.5,0.796,4.75,0.176,3.47,0.629,0.776,0.59,0.729,2.05,1.23,53.4,-4.7,24.3,65.7,5.75,59.5,5.75,31.1,14.5,4.81,8.86,19.5,0.49,1.52,3,3,3,3.68,19.43
20,22,1.89,1.52,163,147,156,156,159,160,162,162,166,0.101,0.0105,-0.0519,-0.093,0.645,0.702,0.75,1.42,22,29,17,16,4,12,4,20,31.5,0.63,0.25,0.005,3.73,0.574,0.743,0.55,0.711,2.77,1.67,84.7,-7.01,48.5,72.8,0,82.6,0,31.1,16.7,6.79,18.5,33.1,0.603,1.4,4,4,4,2.96,13.61
16,17,1.95,1.62,160,144,154,152,155,157,159,159,165,0.32,0.0728,0.0138,-0.0334,0.58,0.637,0.686,1.33,17,20,11,13,3,10,4,16.9,21.5,0.768,4.25,0.152,3.34,0.592,0.758,0.559,0.716,2.3,1.36,57.6,-5.57,24.3,66.2,0,65.6,0,37.2,16.9,4.89,11.9,20.3,0.482,1.53,3,3,3,3.88,20.08
26,28,2,1.7,159,143,153,150,155,156,159,157,161,0.625,0.0834,-0.0082,-0.0626,0.572,0.65,0.71,1.3,28,33,18,21,5,16,6,26.3,35,0.778,6.75,0.15,3.51,0.558,0.704,0.528,0.666,2.78,1.86,89.8,-7.68,66.7,103,5.75,107,5.75,56.2,24.7,7.49,21.1,36.8,0.512,1.52,5,5,5,4.87,22.38
16,17,1.91,1.49,161,145,154,156,158,160,161,159,160,0.163,0.0288,-0.0174,-0.0545,0.615,0.668,0.706,1.36,17,21,12,13,3,11,3,19.6,22.5,0.643,0.5,0.0143,3.59,0.599,0.783,0.57,0.746,2.41,1.3,63.3,-4.83,54.6,72.3,0,71.6,0,61.5,17.5,3.86,19.6,28.8,0.493,1.53,3,3,3,2.87,13.13
10,11,1.8,1.41,164,148,156,159,161,162,164,163,166,-0.615,-0.0737,-0.107,-0.132,0.748,0.755,0.793,1.42,11,17,11,8,2,6,2,9.71,19.5,0.557,-2.25,-0.0643,3.84,0.644,0.801,0.618,0.769,2.12,1.18,57.2,-2.9,24.3,36.4,0,41.3,0,11,6.58,3.07,8.92,21,0.679,1.29,2,2,2,0.852,3.44
16,17,1.87,1.46,162,146,154,156,161,161,162,161,162,0.138,0.0243,-0.03,-0.0654,0.633,0.703,0.735,1.34,17,21,12,13,3,11,3,19.4,22.5,0.625,0.75,0.0208,3.63,0.595,0.775,0.57,0.743,2.48,1.37,62.7,-5.92,68.4,72.3,0,71.6,0,51,17.1,6.55,13.8,25.4,0.473,1.53,3,3,3,3.41,16.59
22,23,1.94,1.53,160,144,151,154,158,159,160,160,160,0.121,0.0212,-0.035,-0.0698,0.627,0.69,0.726,1.23,23,27,15,18,4,16,4,28.3,28.5,0.731,4.75,0.122,3.46,0.564,0.707,0.535,0.671,2.67,1.79,79.6,-6.82,84.9,108,0,102,0,43.3,25.8,4.04,24.4,33.7,0.437,1.59,4,4,4,3.61,16.55
15,16,1.84,1.5,164,149,157,158,160,161,163,164,168,-0.17,-0.0294,-0.0691,-0.109,0.702,0.738,0.788,1.48,16,20,11,9,2,8,3,13.2,20.5,0.641,-0.25,-0.00781,4.04,0.692,0.856,0.659,0.815,1.8,0.838,45.7,-4.43,24.3,54.6,0,53.8,0,31.1,7.82,4.2,6.96,17.5,0.653,1.34,2,3,2,1.11,17.62
10,11,1.81,1.44,164,147,157,157,162,162,163,164,168,0.0839,0.0152,-0.0375,-0.0748,0.645,0.709,0.746,1.48,11,15,9,8,2,6,2,10.3,16.5,0.55,-1.75,-0.0583,3.61,0.613,0.788,0.591,0.759,2.27,1.25,48.4,-4.23,38.1,36.4,0,41.3,0,45,8.12,5.29,5.83,14.7,0.563,1.4,2,2,2,2.19,11.36
16,17,1.9,1.52,162,146,154,156,159,160,161,163,166,0.0654,0.0118,-0.0436,-0.08,0.638,0.697,0.736,1.32,17,21,12,13,3,11,3,19.2,22.5,0.682,2.25,0.0682,3.64,0.616,0.774,0.586,0.737,2.27,1.33,60.9,-5.13,54.6,72.3,0,71.6,0,37.2,16.8,4.78,12.1,21.3,0.513,1.49,3,3,3,2.38,12.11
19,21,1.91,1.55,162,146,154,155,159,160,162,163,166,-0.0441,-0.00758,-0.0575,-0.0941,0.672,0.724,0.767,1.3,21,25,13,13,4,11,3,19.5,24.5,0.681,1.75,0.0486,3.83,0.638,0.807,0.606,0.766,2.17,1.16,59.9,-5.97,42.5,72.4,0,71.8,0,55.4,15.4,4.65,11.1,25.1,0.527,1.5,3,4,3,2.87,11.09
26,28,1.95,1.63,161,145,154,153,157,158,160,160,164,0.507,0.0588,-0.0178,-0.0668,0.595,0.663,0.718,1.34,28,34,19,21,5,16,6,26.2,36.5,0.73,5,0.1,3.68,0.569,0.726,0.541,0.69,2.78,1.77,91.1,-8.02,60.7,103,5.75,107,5.75,56.2,23.5,8.54,18.3,35.7,0.535,1.48,5,5,5,4.37,21.85
16,17,1.83,1.43,165,149,155,159,161,162,163,163,165,-0.269,-0.0429,-0.0915,-0.127,0.746,0.803,0.846,1.34,17,22,13,13,3,11,3,19,24,0.6,-0.625,-0.0156,3.92,0.633,0.807,0.607,0.773,2.27,1.19,62.7,-5.65,54.6,72.3,0,71.6,0,31.1,16.5,3.62,17.8,28.3,0.564,1.39,3,3,3,1.63,6.8
10,11,1.82,1.47,164,147,157,157,160,162,165,167,169,-0.0319,-0.00587,-0.0572,-0.0943,0.717,0.759,0.801,1.47,11,15,9,8,2,6,2,10.4,16.5,0.569,-1.25,-0.0431,3.7,0.637,0.814,0.612,0.782,2.11,1.08,45.7,-3.73,44.5,36.4,0,46.3,0,38.1,9.23,4.93,6.89,15.4,0.583,1.39,2,2,2,2.64,10.78
16,17,1.91,1.55,162,146,154,155,158,160,164,162,168,-0.0525,-0.00962,-0.0647,-0.101,0.71,0.748,0.792,1.31,17,21,12,13,3,11,3,19.2,22.5,0.703,2.75,0.0859,3.65,0.627,0.774,0.594,0.734,2.18,1.32,59.8,-4.63,54.6,72.3,0,76.6,0,37.2,18,3.28,14.2,21.4,0.529,1.48,3,3,3,2.84,11.65
19,21,1.92,1.56,162,147,153,155,158,160,164,163,168,-0.0772,-0.0134,-0.0642,-0.101,0.675,0.724,0.77,1.3,21,25,13,13,4,11,3,19.5,24.5,0.7,2.25,0.0643,3.85,0.649,0.81,0.615,0.767,2.08,1.13,58.8,-5.96,42.5,72.4,0,71.8,0,55.4,16.5,3.22,13.1,25.6,0.543,1.49,3,4,3,2.48,11.19
26,28,1.96,1.64,160,145,154,152,156,158,161,159,165,0.475,0.0556,-0.0215,-0.0708,0.597,0.662,0.719,1.33,28,34,19,21,5,16,6,26.2,36.5,0.745,5.5,0.112,3.69,0.575,0.743,0.546,0.705,2.72,1.64,90.3,-8.01,60.7,103,5.75,107,5.75,56.2,24.8,6.97,20.5,35.9,0.546,1.48,5,5,5,3.98,21.63
10,11,1.83,1.48,164,148,157,156,162,162,165,166,167,0.0225,0.0042,-0.0486,-0.087,0.651,0.707,0.749,1.47,11,15,9,8,2,6,2,10.3,16.5,0.589,-0.75,-0.0268,3.71,0.647,0.807,0.62,0.774,2.02,1.1,45.3,-3.82,38.1,36.4,0,41.3,0,31.1,9.21,4.17,6.83,13.6,0.603,1.37,2,2,2,1.41,9.19
15,16,1.84,1.5,164,149,157,157,161,161,163,162,165,-0.17,-0.0294,-0.0691,-0.109,0.702,0.738,0.788,1.48,16,20,11,9,2,8,3,13.2,20.5,0.641,-0.25,-0.00781,4.04,0.692,0.856,0.659,0.815,1.8,0.838,45.7,-4.43,24.3,54.6,0,53.8,0,31.1,7.84,4.08,8.17,18.6,0.654,1.34,2,3,2,1.11,16.69
10,11,1.83,1.42,164,146,156,157,161,162,162,161,163,0.181,0.032,-0.0117,-0.0496,0.621,0.68,0.715,1.5,11,15,9,8,2,6,2,10.5,16.5,0.516,-3.5,-0.109,3.54,0.592,0.798,0.569,0.768,2.44,1.21,50.9,-3.93,38.1,36.4,0,41.3,0,45,8.58,6.1,9.57,21.3,0.538,1.46,2,2,2,2.67,12.99
19,21,1.88,1.5,162,146,154,155,160,161,162,161,162,-0.039,-0.00651,-0.0536,-0.0888,0.728,0.772,0.812,1.32,21,25,13,13,4,11,3,19.7,24.5,0.628,0.25,0.00641,3.85,0.622,0.803,0.595,0.768,2.34,1.22,60.8,-6.28,56.3,72.4,0,76.7,0,69.2,15.6,6.39,12.8,29.4,0.489,1.53,3,4,3,4.73,15.77
26,28,1.93,1.58,161,145,154,153,158,159,161,159,161,0.592,0.0672,-0.00861,-0.0567,0.59,0.666,0.716,1.35,28,34,19,21,5,16,6,26.4,36.5,0.689,3.5,0.066,3.69,0.559,0.734,0.534,0.701,2.91,1.76,92.2,-8.79,74.5,103,5.75,107,5.75,76.1,23.8,10.6,20.2,40.1,0.506,1.51,5,5,5,5.4,23.98
16,17,1.9,1.52,162,146,154,156,159,160,161,160,161,0.0654,0.0118,-0.0436,-0.08,0.638,0.697,0.736,1.32,17,21,12,13,3,11,3,19.3,22.5,0.682,2.25,0.0682,3.64,0.616,0.774,0.586,0.737,2.27,1.33,60.9,-5.13,54.6,72.3,0,71.6,0,37.2,16.9,4.85,14.2,23,0.513,1.49,3,3,3,2.38,10.58
16,17,1.91,1.54,162,146,154,155,158,159,161,160,162,0.0364,0.00667,-0.0494,-0.0861,0.641,0.696,0.738,1.32,17,21,12,13,3,11,3,19.3,22.5,0.703,2.75,0.0859,3.65,0.627,0.78,0.594,0.74,2.18,1.28,59.8,-5.11,54.6,72.3,0,71.6,0,37.2,18.1,3.57,15.7,23.4,0.53,1.48,3,3,3,2,9.43
16,17,1.95,1.53,161,145,153,155,159,160,161,160,161,0.0994,0.0175,-0.0345,-0.0699,0.638,0.7,0.736,1.27,17,21,12,13,3,11,3,19.4,22.5,0.625,0.75,0.0208,3.71,0.612,0.793,0.586,0.759,2.35,1.25,62.6,-5.98,54.6,72.3,0,71.6,0,43.5,17.1,5.19,16.9,26.5,0.525,1.48,3,3,3,3.12,13.87
32,34,1.97,1.63,160,144,152,152,156,158,160,158,160,0.575,0.0652,-0.0123,-0.0598,0.587,0.659,0.711,1.27,34,40,22,26,6,21,7,35.2,42.5,0.759,7.5,0.134,3.56,0.538,0.701,0.511,0.666,3.06,1.98,109,-9.68,91,139,5.75,137,5.75,62.3,32.3,8.15,31.3,49.1,0.48,1.55,6,6,6,5.59,24.22
16,17,1.88,1.49,162,146,154,155,161,161,161,160,161,0.116,0.0206,-0.034,-0.0698,0.634,0.7,0.735,1.33,17,21,12,13,3,11,3,19.4,22.5,0.643,1.25,0.0357,3.63,0.6,0.768,0.574,0.734,2.42,1.4,62.3,-5.54,68.4,72.3,0,71.6,0,37.2,17,5.94,14.2,24.1,0.486,1.51,3,3,3,3.02,13.62
10,11,1.8,1.43,165,148,157,158,162,162,164,164,168,-0.155,-0.0248,-0.07,-0.103,0.717,0.757,0.795,1.47,11,15,9,8,2,6,2,10.1,16.5,0.532,-2.5,-0.0806,3.78,0.64,0.824,0.616,0.794,2.13,1.04,47,-3.66,38.1,36.4,0,41.3,0,25.1,7.33,4.66,6.78,17,0.602,1.37,2,2,2,1.16,8.9
16,17,1.88,1.5,162,146,154,156,159,160,162,162,166,-0.175,-0.0278,-0.0769,-0.109,0.71,0.747,0.788,1.31,17,21,12,13,3,11,3,18.7,22.5,0.662,1.5,0.0441,3.75,0.632,0.792,0.602,0.754,2.18,1.23,60.7,-4.56,54.6,72.3,0,71.6,0,25.1,15.9,3.25,13.8,23.5,0.55,1.45,3,3,3,1.36,9.38
10,11,1.79,1.41,165,148,157,158,163,162,164,162,167,-0.12,-0.019,-0.0642,-0.097,0.713,0.757,0.793,1.47,11,15,9,8,2,6,2,10.1,16.5,0.516,-3,-0.0938,3.72,0.623,0.805,0.601,0.777,2.25,1.17,48.8,-3.67,38.1,36.4,0,41.3,0,25.1,7.31,5.13,5.83,15.7,0.583,1.38,2,2,2,1.55,10.18
19,21,1.89,1.5,162,147,153,156,159,160,162,161,161,-0.323,-0.0434,-0.0833,-0.112,0.712,0.74,0.78,1.29,21,26,14,13,4,11,3,19.1,26,0.65,0.75,0.0188,3.92,0.639,0.807,0.608,0.768,2.21,1.18,64.2,-5.7,42.5,72.4,0,71.8,0,49.3,14.5,3.58,15.6,32.8,0.562,1.46,3,4,3,2.71,8.29
19,21,1.88,1.5,162,146,154,155,160,161,162,161,162,-0.039,-0.00651,-0.0536,-0.0888,0.728,0.772,0.812,1.32,21,25,13,13,4,11,3,19.8,24.5,0.628,0.25,0.00641,3.85,0.622,0.803,0.595,0.768,2.34,1.22,60.8,-6.28,56.3,72.4,0,76.7,0,69.2,15.6,6.21,14.2,30.9,0.489,1.53,3,4,3,4.73,14.6
25,27,1.95,1.55,160,145,151,154,158,159,161,160,160,0.021,0.00349,-0.0474,-0.0823,0.66,0.717,0.757,1.22,27,31,16,18,5,16,4,28.6,30.5,0.726,4.25,0.101,3.65,0.588,0.752,0.557,0.713,2.56,1.54,78.1,-7.66,72.8,108,0,102,0,61.5,24.3,3.97,23.1,38.9,0.455,1.59,4,5,4,4.09,15.36
35,38,1.98,1.64,160,144,152,152,156,158,160,158,161,0.467,0.0513,-0.0224,-0.0694,0.61,0.678,0.732,1.26,38,44,23,26,7,21,7,35.5,44.5,0.754,7,0.119,3.7,0.555,0.731,0.527,0.694,2.97,1.79,108,-10.5,78.9,139,5.75,137,5.75,86.5,30.9,8.05,30.2,0,0.491,1.55,6,7,6,6.08,23.25
26,28,1.95,1.63,161,145,154,153,157,158,160,158,161,0.507,0.0588,-0.0178,-0.0668,0.595,0.663,0.718,1.34,28,34,19,21,5,16,6,26.2,36.5,0.73,5,0.1,3.68,0.569,0.726,0.541,0.69,2.78,1.77,91.1,-8.02,60.7,103,5.75,107,5.75,56.2,23.5,8.92,20.5,38.3,0.535,1.48,5,5,5,4.37,20.86
26,28,1.96,1.65,160,145,154,152,156,158,160,158,162,0.475,0.0556,-0.0215,-0.0708,0.597,0.662,0.719,1.33,28,34,19,21,5,16,6,26.2,36.5,0.745,5.5,0.112,3.69,0.575,0.743,0.546,0.705,2.72,1.64,90.3,-8.01,60.7,103,5.75,107,5.75,56.2,24.8,7.51,22.3,38.7,0.546,1.48,5,5,5,3.98,20.19
26,28,1.92,1.59,161,144,154,153,158,159,161,159,162,0.508,0.0577,-0.0175,-0.0651,0.633,0.698,0.75,1.34,28,34,19,21,5,16,6,26.5,36.5,0.689,3.5,0.066,3.71,0.562,0.734,0.537,0.701,2.89,1.76,91.6,-8.31,74.5,103,5.75,112,5.75,76.1,23.8,10.7,22,42.1,0.506,1.51,5,5,5,6.24,23.77
26,28,1.93,1.61,161,144,154,153,158,158,160,159,161,0.48,0.0549,-0.0207,-0.0685,0.635,0.697,0.75,1.34,28,34,19,21,5,16,6,26.4,36.5,0.702,4,0.0769,3.7,0.565,0.726,0.539,0.693,2.85,1.79,91.4,-7.93,74.5,103,5.75,112,5.75,62.3,23.7,10.3,20.5,39.8,0.516,1.5,5,5,5,5.85,22.83
16,17,1.98,1.65,159,142,152,150,154,157,160,155,161,0.567,0.169,0.0545,-0.0102,0.499,0.614,0.672,1.27,17,19,10,13,3,10,4,18,20,0.8,4.75,0.19,3.12,0.565,0.75,0.533,0.707,2.4,1.38,54.8,-5.6,43.3,66.2,5.75,65.6,5.75,56.3,18,5.39,12.7,18.9,0.392,1.63,3,3,3,4.24,25.63
26,28,2,1.78,159,143,152,148,154,155,160,154,160,0.409,0.0473,-0.0346,-0.0851,0.638,0.682,0.747,1.27,28,33,18,21,5,14,8,21,36,0.818,7.75,0.176,3.45,0.559,0.684,0.526,0.644,2.72,1.95,90.8,-6.66,48.5,90.5,17.2,94.7,17.2,25.1,21,6.61,14.5,33.4,0.565,1.46,5,5,5,5.06,24.1
16,17,1.9,1.72,160,143,155,149,153,158,160,156,165,0.404,0.0811,0.039,-0.0152,0.66,0.669,0.733,1.38,17,19,10,14,2,9,5,15.3,21,0.778,3.75,0.139,3.19,0.572,0.708,0.54,0.669,2.39,1.63,57,-5.19,24.3,54.6,17.2,59.5,17.2,37.2,15.3,5.77,8.81,18.4,0.504,1.51,3,3,3,3.69,23.75
16,17,1.93,1.73,159,143,153,148,154,157,158,158,161,0.156,0.0276,-0.022,-0.0655,0.673,0.684,0.74,1.29,17,20,11,13,3,9,5,14,22,0.786,4.25,0.152,3.5,0.631,0.782,0.593,0.736,2.05,1.21,54.6,-4.43,24.3,60.2,11.5,59.5,11.5,31.1,14,4.52,8.67,19.7,0.541,1.47,3,3,3,3.38,15.69
10,11,1.79,1.43,166,151,160,160,161,163,165,165,171,-0.445,-0.0626,-0.0927,-0.127,0.709,0.732,0.78,1.56,11,17,11,8,2,6,2,10.1,19.5,0.591,-1.75,-0.053,3.72,0.636,0.759,0.607,0.725,2.14,1.41,58.2,-4.09,24.3,36.4,0,41.3,0,25.1,10.1,3.04,8.29,16.5,0.737,1.24,2,2,2,-1.38,3.39
19,21,1.88,1.52,163,148,155,156,159,161,162,161,162,-0.234,-0.0345,-0.0736,-0.107,0.69,0.729,0.773,1.34,21,26,14,13,4,11,3,19.4,26,0.667,1,0.0256,3.9,0.64,0.805,0.608,0.765,2.19,1.19,63.3,-6.3,42.5,72.4,0,71.8,0,55.4,16.5,3.59,15.5,30.4,0.583,1.44,3,4,3,1.59,7.6
10,11,1.83,1.45,164,148,157,158,160,161,165,165,170,0.0225,0.0042,-0.0486,-0.087,0.651,0.707,0.749,1.47,11,15,9,8,2,6,2,10.3,16.5,0.589,-0.75,-0.0268,3.71,0.647,0.823,0.62,0.789,2.02,1.01,45.3,-4.19,37.6,36.4,0,41.3,0,31.1,9.27,4.37,8,15.9,0.604,1.37,2,2,2,1.55,9.51
10,11,1.82,1.41,164,147,157,158,161,161,165,165,169,0.0548,0.0101,-0.0427,-0.0805,0.648,0.708,0.747,1.48,11,15,9,8,2,6,2,10.3,16.5,0.569,-1.25,-0.0431,3.65,0.628,0.812,0.604,0.78,2.16,1.09,47.1,-4.58,44,36.4,0,41.3,0,38.1,9.3,4.61,9.24,16.7,0.583,1.39,2,2,2,1.94,11.36
16,17,1.91,1.59,161,144,154,153,158,157,157,158,161,0.314,0.0689,0.00481,-0.0379,0.593,0.67,0.707,1.37,17,20,11,14,2,11,3,19.1,21.5,0.694,2.75,0.0887,3.34,0.568,0.733,0.541,0.699,2.54,1.57,61.2,-4.83,56.3,66.7,0,71.6,0,51,17.8,7.2,15.3,24.2,0.436,1.57,3,3,3,4.6,15.9
28,29,1.93,1.49,160,144,151,155,159,160,161,160,159,0.0582,0.00829,-0.0353,-0.0654,0.637,0.694,0.725,1.21,29,34,19,23,5,21,5,37.2,36,0.72,5.5,0.11,3.42,0.526,0.663,0.501,0.631,3.08,2.19,104,-8.83,115,144,0,132,0,49.3,33.4,4.57,36.3,48.8,0.418,1.61,5,5,5,4.34,19.95
